-- phpMyAdmin SQL Dump
-- version 4.8.1
-- https://www.phpmyadmin.net/
--
-- Host: 127.0.0.1
-- Generation Time: Feb 01, 2019 at 10:09 AM
-- Server version: 10.1.33-MariaDB
-- PHP Version: 7.2.6

SET SQL_MODE = "NO_AUTO_VALUE_ON_ZERO";
SET AUTOCOMMIT = 0;
START TRANSACTION;
SET time_zone = "+00:00";


/*!40101 SET @OLD_CHARACTER_SET_CLIENT=@@CHARACTER_SET_CLIENT */;
/*!40101 SET @OLD_CHARACTER_SET_RESULTS=@@CHARACTER_SET_RESULTS */;
/*!40101 SET @OLD_COLLATION_CONNECTION=@@COLLATION_CONNECTION */;
/*!40101 SET NAMES utf8mb4 */;

--
-- Database: `restaurant`
--

-- --------------------------------------------------------

--
-- Table structure for table `categories`
--

CREATE TABLE `categories` (
  `id` int(10) UNSIGNED NOT NULL,
  `name` varchar(191) COLLATE utf8mb4_unicode_ci DEFAULT NULL,
  `picture` varchar(191) COLLATE utf8mb4_unicode_ci DEFAULT 'imgs/placeholder.jpg',
  `details` varchar(191) COLLATE utf8mb4_unicode_ci DEFAULT NULL,
  `created_at` timestamp NULL DEFAULT NULL,
  `updated_at` timestamp NULL DEFAULT NULL
) ENGINE=InnoDB DEFAULT CHARSET=utf8mb4 COLLATE=utf8mb4_unicode_ci;

--
-- Dumping data for table `categories`
--

INSERT INTO `categories` (`id`, `name`, `picture`, `details`, `created_at`, `updated_at`) VALUES
(27, 'Pizza', 'images/1548375482_pizza.jpg', 'some pizza', '2018-12-03 10:17:50', '2019-01-24 22:18:02'),
(28, 'chicken', 'images/1548375495_chicken.jpg', 'dede', '2018-12-04 16:11:03', '2019-01-24 22:18:15'),
(29, 'Sandwiches', 'images/1548375524_download.jpg', 'details', '2018-12-04 16:25:03', '2019-01-24 22:18:44');

-- --------------------------------------------------------

--
-- Table structure for table `customers`
--

CREATE TABLE `customers` (
  `id` int(10) UNSIGNED NOT NULL,
  `name` varchar(191) COLLATE utf8mb4_unicode_ci DEFAULT NULL,
  `company` varchar(190) COLLATE utf8mb4_unicode_ci DEFAULT NULL,
  `address` varchar(191) COLLATE utf8mb4_unicode_ci DEFAULT NULL,
  `email` varchar(191) COLLATE utf8mb4_unicode_ci DEFAULT NULL,
  `phone` varchar(191) COLLATE utf8mb4_unicode_ci DEFAULT NULL,
  `created_at` timestamp NULL DEFAULT NULL,
  `updated_at` timestamp NULL DEFAULT NULL
) ENGINE=InnoDB DEFAULT CHARSET=utf8mb4 COLLATE=utf8mb4_unicode_ci;

--
-- Dumping data for table `customers`
--

INSERT INTO `customers` (`id`, `name`, `company`, `address`, `email`, `phone`, `created_at`, `updated_at`) VALUES
(14, 'Joe', NULL, 'dedm st', 'joe@gmail.com', '01392349923', '2018-12-05 07:50:17', '2018-12-05 07:50:17'),
(15, 'Joe', NULL, 'dedm st', 'joe@gmail.com', '01392349923', '2018-12-05 07:53:12', '2018-12-05 07:53:12'),
(16, 'Joe', NULL, 'dedm st', 'joe@gmail.com', '01392349923', '2018-12-05 07:54:51', '2018-12-05 07:54:51'),
(17, 'Joe', NULL, 'dedm st', 'joe@gmail.com', '01392349923', '2018-12-05 07:55:11', '2018-12-05 07:55:11'),
(18, 'Joe', NULL, 'dedm st', 'joe@gmail.com', '01392349923', '2018-12-05 07:57:53', '2018-12-05 07:57:53'),
(19, 'Joe', NULL, 'dedm st', 'joe@gmail.com', '01392349923', '2018-12-05 07:59:25', '2018-12-05 07:59:25'),
(20, 'Joe', NULL, 'dedm st', 'joe@gmail.com', '01392349923', '2018-12-05 08:00:38', '2018-12-05 08:00:38'),
(21, 'Joe', NULL, 'dedm st', 'joe@gmail.com', '01392349923', '2018-12-05 08:01:05', '2018-12-05 08:01:05'),
(22, 'Joe', NULL, 'dedm st', 'joe@gmail.com', '01392349923', '2018-12-05 08:02:16', '2018-12-05 08:02:16'),
(23, 'Joe', NULL, 'dedm st', 'joe@gmail.com', '01392349923', '2018-12-05 08:02:41', '2018-12-05 08:02:41'),
(24, 'Joe', NULL, 'dedm st', 'joe@gmail.com', '01392349923', '2018-12-05 08:03:16', '2018-12-05 08:03:16'),
(25, 'Joe', NULL, 'dedm st', 'joe@gmail.com', '01392349923', '2018-12-05 08:03:40', '2018-12-05 08:03:40'),
(26, 'Joe', NULL, 'dedm st', 'joe@gmail.com', '01392349923', '2018-12-05 08:04:54', '2018-12-05 08:04:54'),
(27, 'Joe', NULL, 'dedm st', 'joe@gmail.com', '01392349923', '2018-12-05 08:06:39', '2018-12-05 08:06:39'),
(28, 'Joe', NULL, 'dedm st', 'joe@gmail.com', '01392349923', '2018-12-05 08:07:47', '2018-12-05 08:07:47'),
(29, 'Joe', NULL, 'dedm st', 'joe@gmail.com', '01392349923', '2018-12-05 08:08:08', '2018-12-05 08:08:08'),
(30, 'Joe', NULL, 'dedm st', 'joe@gmail.com', '01392349923', '2018-12-05 08:08:29', '2018-12-05 08:08:29'),
(31, 'Joe', NULL, 'dedm st', 'joe@gmail.com', '01392349923', '2018-12-05 08:08:44', '2018-12-05 08:08:44'),
(32, 'Joe', NULL, 'dedm st', 'joe@gmail.com', '01392349923', '2018-12-05 08:08:54', '2018-12-05 08:08:54'),
(33, 'Joe', NULL, 'dedm st', 'joe@gmail.com', '01392349923', '2018-12-05 08:09:38', '2018-12-05 08:09:38'),
(34, 'Joe', NULL, 'dedm st', 'joe@gmail.com', '01392349923', '2018-12-05 08:10:19', '2018-12-05 08:10:19'),
(35, 'Joe', NULL, 'dedm st', 'joe@gmail.com', '01392349923', '2018-12-05 08:10:33', '2018-12-05 08:10:33'),
(36, 'Joe', NULL, 'dedm st', 'joe@gmail.com', '01392349923', '2018-12-05 08:11:56', '2018-12-05 08:11:56'),
(37, 'Joe', NULL, 'dedm st', 'joe@gmail.com', '01392349923', '2018-12-05 08:12:27', '2018-12-05 08:12:27'),
(38, 'Joe', NULL, 'dedm st', 'joe@gmail.com', '01392349923', '2018-12-05 08:12:54', '2018-12-05 08:12:54'),
(39, 'Joe', NULL, 'dedm st', 'joe@gmail.com', '01392349923', '2018-12-05 08:18:53', '2018-12-05 08:18:53'),
(40, 'Joe', NULL, 'dedm st', 'joe@gmail.com', '01392349923', '2018-12-05 08:23:26', '2018-12-05 08:23:26'),
(41, 'Joe', NULL, 'dedm st', 'joe@gmail.com', '01392349923', '2018-12-05 08:23:39', '2018-12-05 08:23:39'),
(42, 'Joe', NULL, 'dedm st', 'joe@gmail.com', '01392349923', '2018-12-05 08:32:26', '2018-12-05 08:32:26'),
(43, 'Joe', NULL, 'dedm st', 'joe@gmail.com', '01392349923', '2018-12-05 08:33:29', '2018-12-05 08:33:29'),
(44, 'Joe', NULL, 'dedm st', 'joe@gmail.com', '01392349923', '2018-12-05 08:34:28', '2018-12-05 08:34:28'),
(45, 'Joe', NULL, 'dedm st', 'joe@gmail.com', '01392349923', '2018-12-05 08:36:28', '2018-12-05 08:36:28'),
(46, 'Joe', NULL, 'dedm st', 'joe@gmail.com', '01392349923', '2018-12-05 08:37:34', '2018-12-05 08:37:34'),
(47, 'Joe', NULL, 'dedm st', 'joe@gmail.com', '01392349923', '2018-12-05 08:45:32', '2018-12-05 08:45:32'),
(48, 'Joe', NULL, 'dedm st', 'joe@gmail.com', '01392349923', '2018-12-05 08:46:22', '2018-12-05 08:46:22'),
(49, 'Joe', NULL, 'dedm st', 'joe@gmail.com', '01392349923', '2018-12-05 08:49:44', '2018-12-05 08:49:44'),
(50, 'Joe', NULL, 'dedm st', 'joe@gmail.com', '01392349923', '2018-12-05 08:52:33', '2018-12-05 08:52:33'),
(51, 'Joe', NULL, 'dedm st', 'joe@gmail.com', '01392349923', '2018-12-05 08:54:40', '2018-12-05 08:54:40'),
(52, 'Joe', NULL, 'dedm st', 'joe@gmail.com', '01392349923', '2018-12-05 08:59:59', '2018-12-05 08:59:59'),
(53, 'Joe', NULL, 'dedm st', 'joe@gmail.com', '01392349923', '2018-12-05 09:04:29', '2018-12-05 09:04:29'),
(54, 'Joe', NULL, 'dedm st', 'joe@gmail.com', '01392349923', '2018-12-05 09:05:47', '2018-12-05 09:05:47'),
(55, 'Joe', NULL, 'dedm st', 'joe@gmail.com', '01392349923', '2018-12-05 09:07:18', '2018-12-05 09:07:18'),
(56, 'Joe', NULL, 'dedm st', 'joe@gmail.com', '01392349923', '2018-12-08 16:47:58', '2018-12-08 16:47:58'),
(57, 'Joe', NULL, 'dedm st', 'joe@gmail.com', '01392349923', '2018-12-08 16:48:38', '2018-12-08 16:48:38'),
(58, 'Joe', NULL, 'dedm st', 'joe@gmail.com', '01392349923', '2018-12-10 07:52:00', '2018-12-10 07:52:00'),
(59, 'Joe', NULL, 'dedm st', 'joe@gmail.com', '01392349923', '2018-12-10 16:35:20', '2018-12-10 16:35:20'),
(60, 'Joe', NULL, 'dedm st', 'joe@gmail.com', '01392349923', '2018-12-10 19:15:33', '2018-12-10 19:15:33'),
(61, 'Joe', NULL, 'dedm st', 'joe@gmail.com', '01392349923', '2018-12-12 18:41:43', '2018-12-12 18:41:43'),
(62, 'Joe', NULL, 'dedm st', 'joe@gmail.com', '01392349923', '2018-12-12 19:27:23', '2018-12-12 19:27:23'),
(63, 'Joe', NULL, 'dedm st', 'joe@gmail.com', '01392349923', '2018-12-12 19:37:50', '2018-12-12 19:37:50'),
(64, 'Joe', NULL, 'dedm st', 'joe@gmail.com', '01392349923', '2018-12-12 19:40:12', '2018-12-12 19:40:12'),
(65, 'Joe', NULL, 'dedm st', 'joe@gmail.com', '01392349923', '2018-12-12 19:44:00', '2018-12-12 19:44:00'),
(66, 'Joe', NULL, 'dedm st', 'joe@gmail.com', '01392349923', '2018-12-12 19:51:36', '2018-12-12 19:51:36'),
(67, 'Joe', NULL, 'dedm st', 'joe@gmail.com', '01392349923', '2018-12-12 19:53:13', '2018-12-12 19:53:13'),
(68, 'Joe', NULL, 'dedm st', 'joe@gmail.com', '01392349923', '2018-12-12 19:54:59', '2018-12-12 19:54:59'),
(69, 'Joe', NULL, 'dedm st', 'joe@gmail.com', '01392349923', '2018-12-12 19:56:53', '2018-12-12 19:56:53'),
(70, 'Joe', NULL, 'dedm st', 'joe@gmail.com', '01392349923', '2018-12-12 19:59:59', '2018-12-12 19:59:59'),
(71, 'Joe', NULL, 'dedm st', 'joe@gmail.com', '01392349923', '2018-12-12 20:05:59', '2018-12-12 20:05:59'),
(72, 'Joe', NULL, 'dedm st', 'joe@gmail.com', '01392349923', '2018-12-12 20:09:57', '2018-12-12 20:09:57'),
(73, 'Joe', NULL, 'dedm st', 'joe@gmail.com', '01392349923', '2018-12-12 20:12:31', '2018-12-12 20:12:31'),
(74, 'Joe', NULL, 'dedm st', 'joe@gmail.com', '01392349923', '2018-12-12 20:13:48', '2018-12-12 20:13:48'),
(75, 'Joe', NULL, 'dedm st', 'joe@gmail.com', '01392349923', '2018-12-12 20:15:14', '2018-12-12 20:15:14'),
(76, 'Joe', NULL, 'dedm st', 'joe@gmail.com', '01392349923', '2018-12-12 20:17:37', '2018-12-12 20:17:37'),
(77, 'Joe', NULL, 'dedm st', 'joe@gmail.com', '01392349923', '2018-12-12 20:26:03', '2018-12-12 20:26:03'),
(78, 'Joe', NULL, 'dedm st', 'joe@gmail.com', '01392349923', '2018-12-12 20:35:12', '2018-12-12 20:35:12'),
(79, 'Joe', NULL, 'dedm st', 'joe@gmail.com', '01392349923', '2018-12-12 20:50:16', '2018-12-12 20:50:16'),
(80, 'Joe', NULL, 'dedm st', 'joe@gmail.com', '01392349923', '2018-12-12 20:52:14', '2018-12-12 20:52:14'),
(81, 'Joe', NULL, 'dedm st', 'joe@gmail.com', '01392349923', '2018-12-12 20:57:28', '2018-12-12 20:57:28'),
(82, 'Joe', NULL, 'dedm st', 'joe@gmail.com', '01392349923', '2018-12-12 20:59:07', '2018-12-12 20:59:07'),
(83, 'Joe', NULL, 'dedm st', 'joe@gmail.com', '01392349923', '2018-12-12 21:05:57', '2018-12-12 21:05:57'),
(84, 'Joe', NULL, 'dedm st', 'joe@gmail.com', '01392349923', '2018-12-12 21:08:52', '2018-12-12 21:08:52'),
(85, 'Joe', NULL, 'dedm st', 'joe@gmail.com', '01392349923', '2018-12-12 21:19:20', '2018-12-12 21:19:20'),
(86, 'Joe', NULL, 'dedm st', 'joe@gmail.com', '01392349923', '2018-12-12 21:31:34', '2018-12-12 21:31:34'),
(87, 'Joe', NULL, 'dedm st', 'joe@gmail.com', '01392349923', '2018-12-12 21:52:53', '2018-12-12 21:52:53'),
(88, 'Joe', NULL, 'dedm st', 'joe@gmail.com', '01392349923', '2018-12-12 21:55:46', '2018-12-12 21:55:46'),
(89, 'Joe', NULL, 'dedm st', 'joe@gmail.com', '01392349923', '2018-12-12 21:58:42', '2018-12-12 21:58:42'),
(90, 'Joe', NULL, 'dedm st', 'joe@gmail.com', '01392349923', '2018-12-16 13:55:58', '2018-12-16 13:55:58'),
(91, 'Joe', NULL, 'dedm st', 'joe@gmail.com', '01392349923', '2018-12-16 13:57:43', '2018-12-16 13:57:43'),
(92, 'Joe', NULL, 'dedm st', 'joe@gmail.com', '01392349923', '2018-12-16 13:58:47', '2018-12-16 13:58:47'),
(93, 'Joe', NULL, 'dedm st', 'joe@gmail.com', '01392349923', '2018-12-16 13:59:15', '2018-12-16 13:59:15'),
(94, 'Joe', NULL, 'dedm st', 'joe@gmail.com', '01392349923', '2018-12-16 14:08:10', '2018-12-16 14:08:10'),
(95, 'Joe', NULL, 'dedm st', 'joe@gmail.com', '01392349923', '2018-12-16 14:09:17', '2018-12-16 14:09:17'),
(96, 'Joe', NULL, 'dedm st', 'joe@gmail.com', '01392349923', '2018-12-16 14:09:38', '2018-12-16 14:09:38'),
(97, 'Joe', NULL, 'dedm st', 'joe@gmail.com', '01392349923', '2018-12-16 14:09:58', '2018-12-16 14:09:58'),
(98, 'Joe', NULL, 'dedm st', 'joe@gmail.com', '01392349923', '2018-12-16 14:10:50', '2018-12-16 14:10:50'),
(99, 'Joe', NULL, 'dedm st', 'joe@gmail.com', '01392349923', '2018-12-16 14:12:39', '2018-12-16 14:12:39'),
(100, 'Joe', NULL, 'dedm st', 'joe@gmail.com', '01392349923', '2018-12-16 14:13:05', '2018-12-16 14:13:05'),
(101, 'Joe', NULL, 'dedm st', 'joe@gmail.com', '01392349923', '2018-12-16 14:13:50', '2018-12-16 14:13:50'),
(102, 'Joe', NULL, 'dedm st', 'joe@gmail.com', '01392349923', '2018-12-16 14:14:13', '2018-12-16 14:14:13'),
(103, 'Joe', NULL, 'dedm st', 'joe@gmail.com', '01392349923', '2018-12-16 14:14:53', '2018-12-16 14:14:53'),
(104, 'Joe', NULL, 'dedm st', 'joe@gmail.com', '01392349923', '2018-12-16 14:17:23', '2018-12-16 14:17:23'),
(105, 'Joe', NULL, 'dedm st', 'joe@gmail.com', '01392349923', '2018-12-16 14:19:24', '2018-12-16 14:19:24'),
(106, 'Joe', NULL, 'dedm st', 'joe@gmail.com', '01392349923', '2018-12-16 14:19:40', '2018-12-16 14:19:40'),
(107, 'Joe', NULL, 'dedm st', 'joe@gmail.com', '01392349923', '2018-12-16 14:22:12', '2018-12-16 14:22:12'),
(108, 'Joe', NULL, 'dedm st', 'joe@gmail.com', '01392349923', '2018-12-16 14:22:56', '2018-12-16 14:22:56'),
(109, 'Joe', NULL, 'dedm st', 'joe@gmail.com', '01392349923', '2018-12-16 14:24:06', '2018-12-16 14:24:06'),
(110, 'Joe', NULL, 'dedm st', 'joe@gmail.com', '01392349923', '2018-12-16 14:24:47', '2018-12-16 14:24:47'),
(111, 'Joe', NULL, 'dedm st', 'joe@gmail.com', '01392349923', '2018-12-16 14:25:47', '2018-12-16 14:25:47'),
(112, 'Joe', NULL, 'dedm st', 'joe@gmail.com', '01392349923', '2018-12-16 14:26:01', '2018-12-16 14:26:01'),
(113, 'Joe', NULL, 'dedm st', 'joe@gmail.com', '01392349923', '2018-12-16 14:26:18', '2018-12-16 14:26:18'),
(114, 'Joe', NULL, 'dedm st', 'joe@gmail.com', '01392349923', '2018-12-16 14:28:00', '2018-12-16 14:28:00'),
(115, 'Joe', NULL, 'dedm st', 'joe@gmail.com', '01392349923', '2018-12-16 14:30:43', '2018-12-16 14:30:43'),
(116, 'Joe', NULL, 'dedm st', 'joe@gmail.com', '01392349923', '2018-12-16 14:32:38', '2018-12-16 14:32:38'),
(117, 'Joe', NULL, 'dedm st', 'joe@gmail.com', '01392349923', '2018-12-16 14:34:45', '2018-12-16 14:34:45'),
(118, 'Joe', NULL, 'dedm st', 'joe@gmail.com', '01392349923', '2018-12-16 14:37:36', '2018-12-16 14:37:36'),
(119, 'Joe', NULL, 'dedm st', 'joe@gmail.com', '01392349923', '2018-12-16 14:38:04', '2018-12-16 14:38:04'),
(120, 'Joe', NULL, 'dedm st', 'joe@gmail.com', '01392349923', '2018-12-16 14:40:32', '2018-12-16 14:40:32'),
(121, 'Joe', NULL, 'dedm st', 'joe@gmail.com', '01392349923', '2018-12-16 14:41:01', '2018-12-16 14:41:01'),
(122, 'Joe', NULL, 'dedm st', 'joe@gmail.com', '01392349923', '2018-12-16 14:41:18', '2018-12-16 14:41:18'),
(123, 'Joe', NULL, 'dedm st', 'joe@gmail.com', '01392349923', '2018-12-16 14:42:14', '2018-12-16 14:42:14'),
(124, 'Joe', NULL, 'dedm st', 'joe@gmail.com', '01392349923', '2018-12-16 14:43:33', '2018-12-16 14:43:33'),
(125, 'Joe', NULL, 'dedm st', 'joe@gmail.com', '01392349923', '2018-12-16 14:43:49', '2018-12-16 14:43:49'),
(126, 'Joe', NULL, 'dedm st', 'joe@gmail.com', '01392349923', '2018-12-16 14:45:15', '2018-12-16 14:45:15'),
(127, 'Joe', NULL, 'dedm st', 'joe@gmail.com', '01392349923', '2018-12-16 14:49:05', '2018-12-16 14:49:05'),
(128, 'Joe', NULL, 'dedm st', 'joe@gmail.com', '01392349923', '2018-12-16 14:49:45', '2018-12-16 14:49:45'),
(129, 'Joe', NULL, 'dedm st', 'joe@gmail.com', '01392349923', '2018-12-16 14:53:09', '2018-12-16 14:53:09'),
(130, 'Joe', NULL, 'dedm st', 'joe@gmail.com', '01392349923', '2018-12-16 14:53:55', '2018-12-16 14:53:55'),
(131, 'Joe', NULL, 'dedm st', 'joe@gmail.com', '01392349923', '2018-12-16 14:54:26', '2018-12-16 14:54:26'),
(132, 'Joe', NULL, 'dedm st', 'joe@gmail.com', '01392349923', '2018-12-16 14:54:53', '2018-12-16 14:54:53'),
(133, 'Joe', NULL, 'dedm st', 'joe@gmail.com', '01392349923', '2018-12-16 14:55:22', '2018-12-16 14:55:22'),
(134, 'Joe', NULL, 'dedm st', 'joe@gmail.com', '01392349923', '2018-12-16 14:55:46', '2018-12-16 14:55:46'),
(135, 'Joe', NULL, 'dedm st', 'joe@gmail.com', '01392349923', '2018-12-16 14:56:20', '2018-12-16 14:56:20'),
(136, 'Joe', NULL, 'dedm st', 'joe@gmail.com', '01392349923', '2018-12-16 14:56:48', '2018-12-16 14:56:48'),
(137, 'Joe', NULL, 'dedm st', 'joe@gmail.com', '01392349923', '2018-12-16 14:56:57', '2018-12-16 14:56:57'),
(138, 'Joe', NULL, 'dedm st', 'joe@gmail.com', '01392349923', '2018-12-16 14:59:25', '2018-12-16 14:59:25'),
(139, 'Joe', NULL, 'dedm st', 'joe@gmail.com', '01392349923', '2018-12-16 15:11:04', '2018-12-16 15:11:04'),
(140, 'Joe', NULL, 'dedm st', 'joe@gmail.com', '01392349923', '2018-12-16 15:12:07', '2018-12-16 15:12:07'),
(141, 'Joe', NULL, 'dedm st', 'joe@gmail.com', '01392349923', '2018-12-16 15:13:37', '2018-12-16 15:13:37'),
(142, 'Joe', NULL, 'dedm st', 'joe@gmail.com', '01392349923', '2018-12-16 15:14:31', '2018-12-16 15:14:31'),
(143, 'Joe', NULL, 'dedm st', 'joe@gmail.com', '01392349923', '2018-12-16 15:14:53', '2018-12-16 15:14:53'),
(144, 'Joe', NULL, 'dedm st', 'joe@gmail.com', '01392349923', '2018-12-16 15:15:17', '2018-12-16 15:15:17'),
(145, 'Joe', NULL, 'dedm st', 'joe@gmail.com', '01392349923', '2018-12-16 15:15:52', '2018-12-16 15:15:52'),
(146, 'Joe', NULL, 'dedm st', 'joe@gmail.com', '01392349923', '2018-12-16 15:16:19', '2018-12-16 15:16:19'),
(147, 'Joe', NULL, 'dedm st', 'joe@gmail.com', '01392349923', '2018-12-16 15:16:49', '2018-12-16 15:16:49'),
(148, 'Joe', NULL, 'dedm st', 'joe@gmail.com', '01392349923', '2018-12-16 15:21:00', '2018-12-16 15:21:00'),
(149, 'Joe', NULL, 'dedm st', 'joe@gmail.com', '01392349923', '2018-12-16 15:23:38', '2018-12-16 15:23:38'),
(150, 'Joe', NULL, 'dedm st', 'joe@gmail.com', '01392349923', '2018-12-16 15:24:04', '2018-12-16 15:24:04'),
(151, 'Joe', NULL, 'dedm st', 'joe@gmail.com', '01392349923', '2018-12-16 15:27:30', '2018-12-16 15:27:30'),
(152, 'Joe', NULL, 'dedm st', 'joe@gmail.com', '01392349923', '2018-12-16 15:32:54', '2018-12-16 15:32:54'),
(153, 'Joe', NULL, 'dedm st', 'joe@gmail.com', '01392349923', '2018-12-16 15:33:44', '2018-12-16 15:33:44'),
(154, 'Joe', NULL, 'dedm st', 'joe@gmail.com', '01392349923', '2018-12-16 15:34:09', '2018-12-16 15:34:09'),
(155, 'Joe', NULL, 'dedm st', 'joe@gmail.com', '01392349923', '2018-12-16 15:34:59', '2018-12-16 15:34:59'),
(156, 'Joe', NULL, 'dedm st', 'joe@gmail.com', '01392349923', '2018-12-16 15:36:07', '2018-12-16 15:36:07'),
(157, 'Joe', NULL, 'dedm st', 'joe@gmail.com', '01392349923', '2018-12-16 15:45:03', '2018-12-16 15:45:03'),
(158, 'Joe', NULL, 'dedm st', 'joe@gmail.com', '01392349923', '2018-12-16 15:46:47', '2018-12-16 15:46:47'),
(159, 'Joe', NULL, 'dedm st', 'joe@gmail.com', '01392349923', '2018-12-16 15:47:53', '2018-12-16 15:47:53'),
(160, 'Joe', NULL, 'dedm st', 'joe@gmail.com', '01392349923', '2018-12-16 15:48:44', '2018-12-16 15:48:44'),
(161, 'Joe', NULL, 'dedm st', 'joe@gmail.com', '01392349923', '2018-12-16 15:49:42', '2018-12-16 15:49:42'),
(162, 'Joe', NULL, 'dedm st', 'joe@gmail.com', '01392349923', '2018-12-16 15:51:14', '2018-12-16 15:51:14'),
(163, 'Joe', NULL, 'dedm st', 'joe@gmail.com', '01392349923', '2018-12-16 15:51:58', '2018-12-16 15:51:58'),
(164, 'Joe', NULL, 'dedm st', 'joe@gmail.com', '01392349923', '2018-12-16 15:54:12', '2018-12-16 15:54:12'),
(165, 'Joe', NULL, 'dedm st', 'joe@gmail.com', '01392349923', '2018-12-16 15:55:29', '2018-12-16 15:55:29'),
(166, 'Joe', NULL, 'dedm st', 'joe@gmail.com', '01392349923', '2018-12-16 15:58:53', '2018-12-16 15:58:53'),
(167, 'Joe', NULL, 'dedm st', 'joe@gmail.com', '01392349923', '2018-12-16 16:00:32', '2018-12-16 16:00:32'),
(168, 'Joe', NULL, 'dedm st', 'joe@gmail.com', '01392349923', '2018-12-16 16:00:45', '2018-12-16 16:00:45'),
(169, 'Joe', NULL, 'dedm st', 'joe@gmail.com', '01392349923', '2018-12-16 16:01:21', '2018-12-16 16:01:21'),
(170, 'Joe', NULL, 'dedm st', 'joe@gmail.com', '01392349923', '2018-12-16 16:02:04', '2018-12-16 16:02:04'),
(171, 'Joe', NULL, 'dedm st', 'joe@gmail.com', '01392349923', '2018-12-16 16:02:23', '2018-12-16 16:02:23'),
(172, 'Joe', NULL, 'dedm st', 'joe@gmail.com', '01392349923', '2018-12-16 16:03:34', '2018-12-16 16:03:34'),
(173, 'Joe', NULL, 'dedm st', 'joe@gmail.com', '01392349923', '2018-12-16 16:04:29', '2018-12-16 16:04:29'),
(174, 'Joe', NULL, 'dedm st', 'joe@gmail.com', '01392349923', '2018-12-16 16:14:44', '2018-12-16 16:14:44'),
(175, 'Joe', NULL, 'dedm st', 'joe@gmail.com', '01392349923', '2018-12-16 16:15:28', '2018-12-16 16:15:28'),
(176, 'Joe', NULL, 'dedm st', 'joe@gmail.com', '01392349923', '2018-12-16 16:16:36', '2018-12-16 16:16:36'),
(177, 'Joe', NULL, 'dedm st', 'joe@gmail.com', '01392349923', '2018-12-16 16:19:16', '2018-12-16 16:19:16'),
(178, 'Joe', NULL, 'dedm st', 'joe@gmail.com', '01392349923', '2018-12-16 16:19:59', '2018-12-16 16:19:59'),
(179, 'Joe', NULL, 'dedm st', 'joe@gmail.com', '01392349923', '2018-12-16 16:20:50', '2018-12-16 16:20:50'),
(180, 'Joe', NULL, 'dedm st', 'joe@gmail.com', '01392349923', '2018-12-16 16:21:57', '2018-12-16 16:21:57'),
(181, 'Joe', NULL, 'dedm st', 'joe@gmail.com', '01392349923', '2018-12-16 16:22:26', '2018-12-16 16:22:26'),
(182, 'Joe', NULL, 'dedm st', 'joe@gmail.com', '01392349923', '2018-12-16 18:08:53', '2018-12-16 18:08:53'),
(183, 'Joe', NULL, 'dedm st', 'joe@gmail.com', '01392349923', '2018-12-16 18:11:18', '2018-12-16 18:11:18'),
(184, 'Joe', NULL, 'dedm st', 'joe@gmail.com', '01392349923', '2018-12-16 18:17:46', '2018-12-16 18:17:46'),
(185, 'Joe', NULL, 'dedm st', 'joe@gmail.com', '01392349923', '2018-12-16 19:05:00', '2018-12-16 19:05:00'),
(186, 'Joe', NULL, 'dedm st', 'joe@gmail.com', '01392349923', '2018-12-16 19:09:39', '2018-12-16 19:09:39'),
(187, 'Joe', NULL, 'dedm st', 'joe@gmail.com', '01392349923', '2018-12-16 19:10:03', '2018-12-16 19:10:03'),
(188, 'Joe', NULL, 'dedm st', 'joe@gmail.com', '01392349923', '2018-12-16 19:14:12', '2018-12-16 19:14:12'),
(189, 'Joe', NULL, 'dedm st', 'joe@gmail.com', '01392349923', '2018-12-16 19:14:59', '2018-12-16 19:14:59'),
(190, 'Joe', NULL, 'dedm st', 'joe@gmail.com', '01392349923', '2018-12-16 19:15:21', '2018-12-16 19:15:21'),
(191, 'Joe', NULL, 'dedm st', 'joe@gmail.com', '01392349923', '2018-12-16 19:15:34', '2018-12-16 19:15:34'),
(192, 'Joe', NULL, 'dedm st', 'joe@gmail.com', '01392349923', '2018-12-16 19:48:54', '2018-12-16 19:48:54'),
(193, 'Joe', NULL, 'dedm st', 'joe@gmail.com', '01392349923', '2018-12-18 00:22:19', '2018-12-18 00:22:19'),
(194, 'Joe', NULL, 'dedm st', 'joe@gmail.com', '01392349923', '2018-12-18 00:23:21', '2018-12-18 00:23:21'),
(195, 'Joe', NULL, 'dedm st', 'joe@gmail.com', '01392349923', '2018-12-18 00:24:07', '2018-12-18 00:24:07'),
(196, 'Joe', NULL, 'dedm st', 'joe@gmail.com', '01392349923', '2018-12-18 00:24:42', '2018-12-18 00:24:42'),
(197, 'Joe', NULL, 'dedm st', 'joe@gmail.com', '01392349923', '2018-12-18 00:27:22', '2018-12-18 00:27:22'),
(198, 'Joe', NULL, 'dedm st', 'joe@gmail.com', '01392349923', '2018-12-18 00:36:23', '2018-12-18 00:36:23'),
(199, 'Joe', NULL, 'dedm st', 'joe@gmail.com', '01392349923', '2018-12-18 00:48:53', '2018-12-18 00:48:53'),
(200, 'Joe', NULL, 'dedm st', 'joe@gmail.com', '01392349923', '2018-12-18 01:00:47', '2018-12-18 01:00:47'),
(201, 'Joe', NULL, 'dedm st', 'joe@gmail.com', '01392349923', '2018-12-18 01:02:49', '2018-12-18 01:02:49'),
(202, 'Joe', NULL, 'dedm st', 'joe@gmail.com', '01392349923', '2018-12-18 01:03:58', '2018-12-18 01:03:58'),
(203, 'Joe', NULL, 'dedm st', 'joe@gmail.com', '01392349923', '2018-12-18 01:04:51', '2018-12-18 01:04:51'),
(204, 'Joe', NULL, 'dedm st', 'joe@gmail.com', '01392349923', '2018-12-18 01:06:15', '2018-12-18 01:06:15'),
(205, 'Joe', NULL, 'dedm st', 'joe@gmail.com', '01392349923', '2018-12-18 01:07:11', '2018-12-18 01:07:11'),
(206, 'Joe', NULL, 'dedm st', 'joe@gmail.com', '01392349923', '2018-12-18 01:07:26', '2018-12-18 01:07:26'),
(207, 'Joe', NULL, 'dedm st', 'joe@gmail.com', '01392349923', '2018-12-18 01:07:51', '2018-12-18 01:07:51'),
(208, 'Joe', NULL, 'dedm st', 'joe@gmail.com', '01392349923', '2018-12-18 01:08:00', '2018-12-18 01:08:00'),
(209, 'Joe', NULL, 'dedm st', 'joe@gmail.com', '01392349923', '2018-12-18 01:35:03', '2018-12-18 01:35:03'),
(210, 'Joe', NULL, 'dedm st', 'joe@gmail.com', '01392349923', '2018-12-18 01:36:57', '2018-12-18 01:36:57'),
(211, 'Joe', NULL, 'dedm st', 'joe@gmail.com', '01392349923', '2018-12-18 01:37:23', '2018-12-18 01:37:23'),
(212, 'Joe', NULL, 'dedm st', 'joe@gmail.com', '01392349923', '2018-12-18 01:38:26', '2018-12-18 01:38:26'),
(213, 'Joe', NULL, 'dedm st', 'joe@gmail.com', '01392349923', '2018-12-18 01:40:07', '2018-12-18 01:40:07'),
(214, 'Joe', NULL, 'dedm st', 'joe@gmail.com', '01392349923', '2018-12-18 01:40:20', '2018-12-18 01:40:20'),
(215, 'Joe', NULL, 'dedm st', 'joe@gmail.com', '01392349923', '2018-12-18 01:48:00', '2018-12-18 01:48:00'),
(216, 'Joe', NULL, 'dedm st', 'joe@gmail.com', '01392349923', '2018-12-18 01:48:13', '2018-12-18 01:48:13'),
(217, 'Joe', NULL, 'dedm st', 'joe@gmail.com', '01392349923', '2018-12-18 01:50:51', '2018-12-18 01:50:51'),
(218, 'Joe', NULL, 'dedm st', 'joe@gmail.com', '01392349923', '2018-12-18 01:52:32', '2018-12-18 01:52:32'),
(219, 'Joe', NULL, 'dedm st', 'joe@gmail.com', '01392349923', '2018-12-18 01:53:07', '2018-12-18 01:53:07'),
(220, 'Joe', NULL, 'dedm st', 'joe@gmail.com', '01392349923', '2018-12-18 02:26:24', '2018-12-18 02:26:24'),
(221, 'Joe', NULL, 'dedm st', 'joe@gmail.com', '01392349923', '2018-12-18 17:16:10', '2018-12-18 17:16:10'),
(222, 'Joe', NULL, 'dedm st', 'joe@gmail.com', '01392349923', '2018-12-18 17:21:21', '2018-12-18 17:21:21'),
(223, 'Joe', NULL, 'dedm st', 'joe@gmail.com', '01392349923', '2018-12-18 17:22:52', '2018-12-18 17:22:52'),
(224, 'Joe', NULL, 'dedm st', 'joe@gmail.com', '01392349923', '2018-12-19 23:35:36', '2018-12-19 23:35:36'),
(225, 'Joe', NULL, 'dedm st', 'joe@gmail.com', '01392349923', '2018-12-20 01:12:12', '2018-12-20 01:12:12'),
(226, 'Joe', NULL, 'dedm st', 'joe@gmail.com', '01392349923', '2018-12-20 01:12:42', '2018-12-20 01:12:42'),
(227, 'Joe', NULL, 'dedm st', 'joe@gmail.com', '01392349923', '2018-12-20 01:12:53', '2018-12-20 01:12:53'),
(228, 'Joe', NULL, 'dedm st', 'joe@gmail.com', '01392349923', '2018-12-25 16:55:06', '2018-12-25 16:55:06'),
(229, 'Joe', NULL, 'dedm st', 'joe@gmail.com', '01392349923', '2018-12-25 16:56:01', '2018-12-25 16:56:01'),
(230, 'Joe', NULL, 'dedm st', 'joe@gmail.com', '01392349923', '2018-12-25 16:56:12', '2018-12-25 16:56:12'),
(231, 'Joe', NULL, 'dedm st', 'joe@gmail.com', '01392349923', '2018-12-25 16:59:40', '2018-12-25 16:59:40'),
(232, 'Joe', NULL, 'dedm st', 'joe@gmail.com', '01392349923', '2018-12-25 17:27:49', '2018-12-25 17:27:49'),
(233, 'Joe', NULL, 'dedm st', 'joe@gmail.com', '01392349923', '2018-12-25 17:28:05', '2018-12-25 17:28:05'),
(234, 'Joe', NULL, 'dedm st', 'joe@gmail.com', '01392349923', '2018-12-25 17:28:32', '2018-12-25 17:28:32'),
(235, 'Joe', NULL, 'dedm st', 'joe@gmail.com', '01392349923', '2018-12-25 17:28:48', '2018-12-25 17:28:48'),
(236, 'Joe', NULL, 'dedm st', 'joe@gmail.com', '01392349923', '2018-12-25 17:29:32', '2018-12-25 17:29:32'),
(237, 'Joe', NULL, 'dedm st', 'joe@gmail.com', '01392349923', '2018-12-25 17:30:08', '2018-12-25 17:30:08'),
(238, 'Joe', NULL, 'dedm st', 'joe@gmail.com', '01392349923', '2018-12-25 17:30:33', '2018-12-25 17:30:33'),
(239, 'Joe', NULL, 'dedm st', 'joe@gmail.com', '01392349923', '2018-12-25 17:32:53', '2018-12-25 17:32:53'),
(240, 'Joe', NULL, 'dedm st', 'joe@gmail.com', '01392349923', '2018-12-25 17:33:22', '2018-12-25 17:33:22'),
(241, 'Joe', NULL, 'dedm st', 'joe@gmail.com', '01392349923', '2018-12-25 17:35:58', '2018-12-25 17:35:58'),
(242, 'Joe', NULL, 'dedm st', 'joe@gmail.com', '01392349923', '2018-12-25 17:36:37', '2018-12-25 17:36:37'),
(243, 'Joe', NULL, 'dedm st', 'joe@gmail.com', '01392349923', '2018-12-25 17:57:17', '2018-12-25 17:57:17'),
(244, 'Joe', NULL, 'dedm st', 'joe@gmail.com', '01392349923', '2018-12-25 17:58:46', '2018-12-25 17:58:46'),
(245, 'Joe', NULL, 'dedm st', 'joe@gmail.com', '01392349923', '2018-12-25 17:59:11', '2018-12-25 17:59:11'),
(246, 'Joe', NULL, 'dedm st', 'joe@gmail.com', '01392349923', '2018-12-25 17:59:23', '2018-12-25 17:59:23'),
(247, 'Joe', NULL, 'dedm st', 'joe@gmail.com', '01392349923', '2018-12-25 17:59:35', '2018-12-25 17:59:35'),
(248, 'Joe', NULL, 'dedm st', 'joe@gmail.com', '01392349923', '2018-12-25 18:00:13', '2018-12-25 18:00:13'),
(249, 'Joe', NULL, 'dedm st', 'joe@gmail.com', '01392349923', '2018-12-25 18:00:32', '2018-12-25 18:00:32'),
(250, 'Joe', NULL, 'dedm st', 'joe@gmail.com', '01392349923', '2018-12-25 18:01:13', '2018-12-25 18:01:13'),
(251, 'Joe', NULL, 'dedm st', 'joe@gmail.com', '01392349923', '2018-12-25 18:01:29', '2018-12-25 18:01:29'),
(252, 'Joe', NULL, 'dedm st', 'joe@gmail.com', '01392349923', '2018-12-25 18:10:09', '2018-12-25 18:10:09'),
(253, 'Joe', NULL, 'dedm st', 'joe@gmail.com', '01392349923', '2018-12-25 18:16:13', '2018-12-25 18:16:13'),
(254, 'Joe', NULL, 'dedm st', 'joe@gmail.com', '01392349923', '2018-12-25 18:16:44', '2018-12-25 18:16:44'),
(255, 'Joe', NULL, 'dedm st', 'joe@gmail.com', '01392349923', '2018-12-25 18:25:05', '2018-12-25 18:25:05'),
(256, 'Joe', NULL, 'dedm st', 'joe@gmail.com', '01392349923', '2018-12-25 18:25:58', '2018-12-25 18:25:58'),
(257, 'Joe', NULL, 'dedm st', 'joe@gmail.com', '01392349923', '2018-12-25 18:26:25', '2018-12-25 18:26:25'),
(258, 'Joe', NULL, 'dedm st', 'joe@gmail.com', '01392349923', '2018-12-25 18:35:33', '2018-12-25 18:35:33'),
(259, 'Joe', NULL, 'dedm st', 'joe@gmail.com', '01392349923', '2018-12-25 18:37:09', '2018-12-25 18:37:09'),
(260, 'Joe', NULL, 'dedm st', 'joe@gmail.com', '01392349923', '2018-12-25 18:43:18', '2018-12-25 18:43:18'),
(261, 'Joe', NULL, 'dedm st', 'joe@gmail.com', '01392349923', '2018-12-25 18:45:59', '2018-12-25 18:45:59'),
(262, 'Joe', NULL, 'dedm st', 'joe@gmail.com', '01392349923', '2018-12-25 18:51:36', '2018-12-25 18:51:36'),
(263, 'Joe', NULL, 'dedm st', 'joe@gmail.com', '01392349923', '2018-12-25 18:51:54', '2018-12-25 18:51:54'),
(264, 'Joe', NULL, 'dedm st', 'joe@gmail.com', '01392349923', '2018-12-25 18:56:51', '2018-12-25 18:56:51'),
(265, 'Joe', NULL, 'dedm st', 'joe@gmail.com', '01392349923', '2018-12-25 18:57:33', '2018-12-25 18:57:33'),
(266, 'Joe', NULL, 'dedm st', 'joe@gmail.com', '01392349923', '2018-12-25 18:57:51', '2018-12-25 18:57:51'),
(267, 'Joe', NULL, 'dedm st', 'joe@gmail.com', '01392349923', '2018-12-25 18:58:49', '2018-12-25 18:58:49'),
(268, 'Joe', NULL, 'dedm st', 'joe@gmail.com', '01392349923', '2018-12-25 18:58:57', '2018-12-25 18:58:57'),
(269, 'Joe', NULL, 'dedm st', 'joe@gmail.com', '01392349923', '2018-12-25 19:02:41', '2018-12-25 19:02:41'),
(270, 'Joe', NULL, 'dedm st', 'joe@gmail.com', '01392349923', '2018-12-25 19:06:35', '2018-12-25 19:06:35'),
(271, 'Joe', NULL, 'dedm st', 'joe@gmail.com', '01392349923', '2018-12-25 19:07:05', '2018-12-25 19:07:05'),
(272, 'Joe', NULL, 'dedm st', 'joe@gmail.com', '01392349923', '2018-12-25 19:08:44', '2018-12-25 19:08:44'),
(273, 'Joe', NULL, 'dedm st', 'joe@gmail.com', '01392349923', '2018-12-25 19:12:23', '2018-12-25 19:12:23'),
(274, 'Joe', NULL, 'dedm st', 'joe@gmail.com', '01392349923', '2018-12-25 19:12:44', '2018-12-25 19:12:44'),
(275, 'Joe', NULL, 'dedm st', 'joe@gmail.com', '01392349923', '2018-12-25 19:18:39', '2018-12-25 19:18:39'),
(276, 'Joe', NULL, 'dedm st', 'joe@gmail.com', '01392349923', '2018-12-25 19:18:58', '2018-12-25 19:18:58'),
(277, 'Joe', NULL, 'dedm st', 'joe@gmail.com', '01392349923', '2018-12-25 19:19:10', '2018-12-25 19:19:10'),
(278, 'Joe', NULL, 'dedm st', 'joe@gmail.com', '01392349923', '2018-12-25 19:20:58', '2018-12-25 19:20:58'),
(279, 'Joe', NULL, 'dedm st', 'joe@gmail.com', '01392349923', '2018-12-25 19:21:10', '2018-12-25 19:21:10'),
(280, 'Joe', NULL, 'dedm st', 'joe@gmail.com', '01392349923', '2018-12-25 19:21:46', '2018-12-25 19:21:46'),
(281, 'Joe', NULL, 'dedm st', 'joe@gmail.com', '01392349923', '2018-12-25 19:22:55', '2018-12-25 19:22:55'),
(282, 'Joe', NULL, 'dedm st', 'joe@gmail.com', '01392349923', '2018-12-25 19:23:04', '2018-12-25 19:23:04'),
(283, 'Joe', NULL, 'dedm st', 'joe@gmail.com', '01392349923', '2018-12-26 00:32:12', '2018-12-26 00:32:12'),
(284, 'Joe', NULL, 'dedm st', 'joe@gmail.com', '01392349923', '2018-12-26 00:48:09', '2018-12-26 00:48:09'),
(285, 'Joe', NULL, 'dedm st', 'joe@gmail.com', '01392349923', '2019-01-16 19:43:13', '2019-01-16 19:43:13'),
(286, 'Joe', NULL, 'dedm st', 'joe@gmail.com', '01392349923', '2019-01-16 19:43:28', '2019-01-16 19:43:28'),
(287, 'Joe', NULL, 'dedm st', 'joe@gmail.com', '01392349923', '2019-01-16 19:44:56', '2019-01-16 19:44:56'),
(288, 'Joe', NULL, 'dedm st', 'joe@gmail.com', '01392349923', '2019-01-16 19:51:11', '2019-01-16 19:51:11'),
(289, 'Joe', NULL, 'dedm st', 'joe@gmail.com', '01392349923', '2019-01-20 18:50:59', '2019-01-20 18:50:59'),
(290, 'Joe', NULL, 'dedm st', 'joe@gmail.com', '01392349923', '2019-01-20 18:51:25', '2019-01-20 18:51:25'),
(291, 'Joe', NULL, 'dedm st', 'joe@gmail.com', '01392349923', '2019-01-20 18:51:44', '2019-01-20 18:51:44'),
(292, 'Joe', NULL, 'dedm st', 'joe@gmail.com', '01392349923', '2019-01-20 18:54:14', '2019-01-20 18:54:14'),
(293, 'Joe', NULL, 'dedm st', 'joe@gmail.com', '01392349923', '2019-01-21 16:35:23', '2019-01-21 16:35:23'),
(294, 'dslkj', NULL, 'lljljl  Neuss', 'yy@lk', '987987987', '2019-01-31 02:59:29', '2019-01-31 02:59:29'),
(295, 'dslkj', NULL, 'lljljl 41460 Neuss', 'y3@lk', '987587987', '2019-01-31 03:00:32', '2019-01-31 03:00:32'),
(296, 'dslkj  lkjlkj', NULL, 'lljljl 41460 Neuss', 'y3@lk', '987587347', '2019-01-31 03:01:00', '2019-01-31 03:01:00'),
(297, 'lkjlkj', 'dslkj', 'lljljl 41460 Neuss', 'y3@lk', '987587347', '2019-01-31 03:27:19', '2019-01-31 03:27:19'),
(298, 'lkjlkj', 'dslkj', 'lljljl 41460 Neuss', 'y3@lk', '987587347', '2019-01-31 03:28:08', '2019-01-31 03:28:08'),
(299, 'lkjlkj', 'dslkj', 'lljljl 41460 Neuss', 'y3@lk', '987587347', '2019-01-31 03:28:44', '2019-01-31 03:28:44'),
(300, 'lkjlkj', 'dslkj', 'lljljl 41460 Neuss', 'y3@lk', '987587347', '2019-01-31 03:29:27', '2019-01-31 03:29:27'),
(301, 'lkjlkj', 'dslkj', 'lljljl 41460 Neuss', 'y3@lk', '987587347', '2019-01-31 03:31:01', '2019-01-31 03:31:01'),
(302, 'lkjlkj', 'dslkj', 'lljljl 41460 Neuss', 'y3@lk', '987587347', '2019-01-31 03:31:50', '2019-01-31 03:31:50'),
(303, 'lkjlkj', 'dslkj', 'lljljl 41460 Neuss', 'y3@lk', '987587347', '2019-01-31 03:33:50', '2019-01-31 03:33:50'),
(304, 'lkjlkj', 'dslkj', 'lljljl 41460 Neuss', 'y3@lk', '987587347', '2019-01-31 03:35:09', '2019-01-31 03:35:09'),
(305, 'lkjlkj', 'dslkj', 'lljljl 41460 Neuss', 'y3@lk', '987587347', '2019-01-31 03:35:31', '2019-01-31 03:35:31'),
(306, 'lkjlkj', 'dslkj', 'lljljl 41460 Neuss', 'y3@lk', '987587347', '2019-01-31 03:35:50', '2019-01-31 03:35:50'),
(307, 'lkjlkj', 'dslkj', 'lljljl 41460 Neuss', 'y3@lk', '987587347', '2019-01-31 03:35:54', '2019-01-31 03:35:54'),
(308, 'lkjlkj', 'dslkj', 'lljljl 41460 Neuss', 'y3@lk', '987587347', '2019-01-31 03:38:07', '2019-01-31 03:38:07'),
(309, 'lkjlkj', 'dslkj', 'lljljl 41460 Neuss', 'y3@lk', '987587347', '2019-01-31 03:38:43', '2019-01-31 03:38:43'),
(310, 'lkjlkj', 'dslkj', 'lljljl 41460 Neuss', 'y3@lk', '987587347', '2019-01-31 03:40:15', '2019-01-31 03:40:15'),
(311, 'lkjlkj', 'dslkj', 'lljljl 41460 Neuss', 'y3@lk', '987587347', '2019-01-31 03:47:25', '2019-01-31 03:47:25'),
(312, 'lkjlkj', 'dslkj', 'lljljl 41460 Neuss', 'y3@lk', '987587347', '2019-01-31 03:49:05', '2019-01-31 03:49:05'),
(313, 'lkjlkj', 'dslkj', 'lljljl 41460 Neuss', 'y3@lk', '987587347', '2019-01-31 03:50:03', '2019-01-31 03:50:03'),
(314, 'lkjlkj', 'dslkj', 'lljljl 41460 Neuss', 'y3@lk', '987587347', '2019-01-31 03:52:36', '2019-01-31 03:52:36'),
(315, 'lkjlkj', 'dslkj', 'lljljl 41460 Neuss', 'y3@lk', '987587347', '2019-01-31 04:16:11', '2019-01-31 04:16:11'),
(316, 'lkjlkj', 'dslkj', 'lljljl 41460 Neuss', 'y3@lk', '987587347', '2019-01-31 04:18:20', '2019-01-31 04:18:20'),
(317, 'lkjlkj', 'dslkj', 'lljljl 41460 Neuss', 'y3@lk', '987587347', '2019-01-31 04:20:30', '2019-01-31 04:20:30'),
(318, 'lkjlkj', 'dslkj', 'lljljl 41460 Neuss', 'y3@lk', '987587347', '2019-01-31 04:34:37', '2019-01-31 04:34:37'),
(319, 'lkjlkj', 'dslkj', 'lljljl 41460 Neuss', 'y3@lk', '987587347', '2019-01-31 04:35:15', '2019-01-31 04:35:15'),
(320, 'lkjlkj', 'dslkj', 'lljljl 41460 Neuss', 'y3@lk', '987587347', '2019-01-31 04:41:18', '2019-01-31 04:41:18'),
(321, 'lkjlkj', 'dslkj', 'lljljl 41460 Neuss', 'y3@lk', '987587347', '2019-01-31 04:42:29', '2019-01-31 04:42:29'),
(322, 'fras mustaa', 'bx bx', 'neumarkt 14 41460 Neuss', 'info@frasjaf.net', '015781184458', '2019-01-31 04:51:50', '2019-01-31 04:51:50'),
(323, 'fras jaf', 'bx bx', 'neumarkt 14 33324 sssssd', 'info@frasjaf.net', '015781184458', '2019-01-31 04:59:35', '2019-01-31 04:59:35'),
(324, 'fras jaf', 'bx bx', 'neumarkt 14 33324 sssssd', 'info@frasjaf.net', '015781184458', '2019-01-31 05:01:45', '2019-01-31 05:01:45'),
(325, 'fras jaf', 'bx bx', 'neumarkt 14 33324 sssssd', 'info@frasjaf.net', '015781184458', '2019-01-31 05:03:10', '2019-01-31 05:03:10'),
(326, 'fras jaf', 'bx bx', 'neumarkt 14 33324 sssssd', 'info@frasjaf.net', '015781184458', '2019-01-31 05:04:03', '2019-01-31 05:04:03'),
(327, 'fras jaf', 'bx bx', 'neumarkt 14 33324 sssssd', 'info@frasjaf.net', '015781184458', '2019-01-31 05:23:18', '2019-01-31 05:23:18'),
(328, 'fras jaf', 'bx bx', 'neumarkt 14 33324 sssssd', 'info@frasjaf.net', '015781184458', '2019-01-31 05:23:20', '2019-01-31 05:23:20'),
(329, 'fras jaf', 'bx bx', 'neumarkt 14 33324 sssssd', 'info@frasjaf.net', '015781184458', '2019-01-31 05:25:21', '2019-01-31 05:25:21'),
(330, 'fras jaf', 'bx bx', 'neumarkt 14 33324 sssssd', 'info@frasjaf.net', '015781184458', '2019-01-31 05:26:56', '2019-01-31 05:26:56'),
(331, 'fras jaf', 'bx bx', 'neumarkt 14 33324 sssssd', 'info@frasjaf.net', '015781184458', '2019-01-31 05:33:41', '2019-01-31 05:33:41'),
(332, 'fras jaf', 'bx bx', 'neumarkt 14 33324 sssssd', 'info@frasjaf.net', '015781184458', '2019-01-31 05:38:03', '2019-01-31 05:38:03'),
(333, 'fras jaf', 'bx bx', 'neumarkt 14 33324 sssssd', 'info@frasjaf.net', '015781184458', '2019-01-31 05:43:00', '2019-01-31 05:43:00'),
(334, 'fras jaf', 'bx bx', 'neumarkt 14 33324 sssssd', 'info@frasjaf.net', '015781184458', '2019-01-31 05:45:36', '2019-01-31 05:45:36'),
(335, 'fras jaf', 'bx bx', 'neumarkt 14 33324 sssssd', 'info@frasjaf.net', '015781184458', '2019-01-31 05:46:59', '2019-01-31 05:46:59'),
(336, 'fras jaf', 'bx bx', 'neumarkt 14 33324 sssssd', 'info@frasjaf.net', '015781184458', '2019-01-31 05:48:11', '2019-01-31 05:48:11'),
(337, 'fras jaf', 'bx bx', 'neumarkt 14 33324 sssssd', 'info@frasjaf.net', '015781184458', '2019-01-31 05:50:10', '2019-01-31 05:50:10'),
(338, 'fras jaf', 'bx bx', 'neumarkt 14 33324 sssssd', 'info@frasjaf.net', '015781184458', '2019-01-31 05:51:19', '2019-01-31 05:51:19'),
(339, 'fras jaf', 'bx bx', 'neumarkt 14 33324 sssssd', 'info@frasjaf.net', '015781184458', '2019-01-31 05:53:26', '2019-01-31 05:53:26'),
(340, 'fras jaf', 'bx bx', 'neumarkt 14 33324 sssssd', 'info@frasjaf.net', '015781184458', '2019-01-31 05:58:18', '2019-01-31 05:58:18'),
(341, 'fras jaf', 'bx bx', 'neumarkt 14 33324 sssssd', 'info@frasjaf.net', '015781184458', '2019-01-31 06:01:47', '2019-01-31 06:01:47'),
(342, 'fras jaf', 'bx bx', 'neumarkt 14 33324 sssssd', 'info@frasjaf.net', '015781184458', '2019-01-31 06:05:37', '2019-01-31 06:05:37'),
(343, 'fras jaf', 'bx bx', 'neumarkt 14 33324 sssssd', 'info@frasjaf.net', '015781184458', '2019-01-31 06:06:28', '2019-01-31 06:06:28'),
(344, 'ikjof', 'djsjj', 'oijoi 33443 Neuss', 'km3m@ko', '39499493993', '2019-01-31 21:54:07', '2019-01-31 21:54:07'),
(345, 'rfrfkjo``', 'frfrf', 'ijroifjrij 41460 Neuss', 'uh@de', '348595345', '2019-01-31 22:02:09', '2019-01-31 22:02:09'),
(346, 'rfrfkm', 'rfrf', 'oifrifj 41460 Neuss', 'ij@IJ', '3445453454', '2019-01-31 22:03:10', '2019-01-31 22:03:10'),
(347, 'rfrfkm', 'rfrf', 'oifrifj 41460 Neuss', 'ij@IJ', '3445453454', '2019-01-31 22:05:04', '2019-01-31 22:05:04'),
(348, 'kiokoiko', 'fr', 'ijoijoi 41460 Neuss', 'uh@UH', '9485748957', '2019-01-31 22:20:18', '2019-01-31 22:20:18'),
(349, 'joijio', 'lkjk', 'oijoi 41460 Neuss', 'oj@k', '989676878', '2019-01-31 22:32:15', '2019-01-31 22:32:15'),
(350, NULL, NULL, ' 41460 Neuss', NULL, NULL, '2019-01-31 22:33:16', '2019-01-31 22:33:16'),
(351, 'loijoi', 'kmlkm', 'joijoi 98778 Neuss', 'hu@ji', '869879777', '2019-01-31 22:35:15', '2019-01-31 22:35:15'),
(352, 'efwefefio', 'cdssdc', 'odieodoe 41460 Neuss', 'de@lo', '242545343223', '2019-02-01 07:06:00', '2019-02-01 07:06:00');

-- --------------------------------------------------------

--
-- Table structure for table `foods`
--

CREATE TABLE `foods` (
  `id` int(10) UNSIGNED NOT NULL,
  `name` varchar(191) COLLATE utf8mb4_unicode_ci NOT NULL,
  `enough` varchar(191) COLLATE utf8mb4_unicode_ci NOT NULL,
  `details` varchar(191) COLLATE utf8mb4_unicode_ci DEFAULT NULL,
  `info` varchar(191) COLLATE utf8mb4_unicode_ci NOT NULL,
  `allergies` varchar(191) COLLATE utf8mb4_unicode_ci NOT NULL,
  `picture` varchar(191) COLLATE utf8mb4_unicode_ci NOT NULL DEFAULT 'imgs/placeholder.jpg',
  `discount` int(11) NOT NULL DEFAULT '0',
  `group_id` int(10) UNSIGNED DEFAULT NULL,
  `category_id` int(10) UNSIGNED NOT NULL,
  `created_at` timestamp NULL DEFAULT NULL,
  `updated_at` timestamp NULL DEFAULT NULL
) ENGINE=InnoDB DEFAULT CHARSET=utf8mb4 COLLATE=utf8mb4_unicode_ci;

--
-- Dumping data for table `foods`
--

INSERT INTO `foods` (`id`, `name`, `enough`, `details`, `info`, `allergies`, `picture`, `discount`, `group_id`, `category_id`, `created_at`, `updated_at`) VALUES
(1, 'Beef Steak', '3', 'deok', 'okefk', 'dedqd', 'images/1545786771_images.jpg', 23, 34, 27, '2018-12-04 10:06:39', '2019-01-16 19:33:31'),
(2, 'Diner Box', '3', 'ef', 'de', 'ede', 'images/1548377882_diner.jpg', 23, 34, 28, '2018-12-04 16:13:46', '2019-01-24 22:58:02'),
(3, 'Koshary', '2', 'dek', 'w2wk', 'ede', 'images/1545759645_download.jpg', 12, 35, 29, '2018-12-25 15:33:56', '2019-02-01 01:49:46');

-- --------------------------------------------------------

--
-- Table structure for table `food_options`
--

CREATE TABLE `food_options` (
  `id` int(10) UNSIGNED NOT NULL,
  `food_id` int(10) UNSIGNED NOT NULL,
  `name` varchar(191) COLLATE utf8mb4_unicode_ci DEFAULT NULL,
  `min` int(10) UNSIGNED NOT NULL,
  `max` int(10) UNSIGNED NOT NULL,
  `size_id` int(100) UNSIGNED NOT NULL,
  `req` tinyint(1) NOT NULL DEFAULT '0',
  `created_at` timestamp NULL DEFAULT NULL,
  `updated_at` timestamp NULL DEFAULT NULL
) ENGINE=InnoDB DEFAULT CHARSET=utf8mb4 COLLATE=utf8mb4_unicode_ci;

--
-- Dumping data for table `food_options`
--

INSERT INTO `food_options` (`id`, `food_id`, `name`, `min`, `max`, `size_id`, `req`, `created_at`, `updated_at`) VALUES
(24, 1, 'EXTRA 1', 0, 10, 0, 1, '2018-12-04 17:33:33', '2018-12-04 17:33:33'),
(25, 1, 'EXTRA 2', 0, 1, 0, 0, '2018-12-04 17:33:52', '2018-12-04 17:33:52'),
(26, 1, 'EXTRA FREI', 0, 30, 0, 0, '2018-12-04 17:34:17', '2018-12-04 17:34:17'),
(27, 2, 'EXTRA 1', 0, 3, 0, 1, '2018-12-04 17:37:36', '2018-12-04 17:37:36'),
(28, 2, 'EXTRA 2', 0, 10, 0, 0, '2018-12-04 17:37:59', '2018-12-04 17:37:59'),
(29, 1, 'chees', 0, 2, 0, 1, '2018-12-25 23:47:06', '2018-12-25 23:47:06'),
(30, 1, '2s', 2, 3, 6, 0, '2019-01-15 15:06:34', '2019-01-15 15:06:34'),
(31, 1, 'wu', 1, 2, 7, 0, '2019-01-15 15:08:38', '2019-01-15 15:08:38'),
(32, 1, 'ew', 1, 1, 6, 0, '2019-01-15 15:10:09', '2019-01-15 15:10:09'),
(33, 1, 'wq', 1, 2, 7, 0, '2019-01-15 15:13:22', '2019-01-15 15:13:22'),
(34, 1, 'ddw', 1, 2, 7, 0, '2019-01-15 15:15:52', '2019-01-15 15:15:52'),
(35, 1, 'cheese', 1, 1, 10, 0, '2019-01-15 15:31:08', '2019-01-15 15:31:08'),
(36, 1, 'cheese', 1, 1, 12, 0, '2019-01-15 15:34:37', '2019-01-15 15:34:37'),
(37, 1, 'cheese', 1, 1, 12, 0, '2019-01-15 15:35:16', '2019-01-15 15:35:16'),
(38, 1, 'cheese', 1, 1, 14, 0, '2019-01-15 15:38:18', '2019-01-15 15:38:18'),
(39, 1, 'cheese', 1, 1, 16, 0, '2019-01-15 15:42:11', '2019-01-15 15:42:11'),
(40, 1, 'cheese', 1, 1, 17, 0, '2019-01-15 15:44:04', '2019-01-15 15:44:04'),
(41, 1, 'w3', 22, 1, 18, 0, '2019-01-15 15:46:13', '2019-01-15 15:46:13'),
(42, 1, 'de', 1, 1, 18, 0, '2019-01-15 15:47:21', '2019-01-15 15:47:21'),
(43, 1, 'cheese', 1, 1, 19, 0, '2019-01-15 15:49:57', '2019-01-15 15:49:57'),
(44, 1, 'EXTRA 1', 1, 1, 20, 0, '2019-01-15 15:55:45', '2019-01-16 18:49:21'),
(46, 1, 's', 1, 1, 21, 0, '2019-01-16 15:12:31', '2019-01-16 15:12:31'),
(47, 1, 'w', 1, 1, 22, 0, '2019-01-16 15:17:34', '2019-01-16 15:17:34'),
(48, 1, 'sw', 1, 1, 22, 0, '2019-01-16 15:19:38', '2019-01-16 15:19:38'),
(49, 1, '2', 2, 2, 21, 0, '2019-01-16 15:19:50', '2019-01-16 15:19:50'),
(50, 1, 'ss', 1, 1, 22, 0, '2019-01-16 15:20:02', '2019-01-16 15:20:02'),
(51, 1, 's', 2, 2, 22, 0, '2019-01-16 15:20:27', '2019-01-16 15:20:27'),
(52, 1, 'sw', 1, 2, 21, 0, '2019-01-16 15:21:03', '2019-01-16 15:21:03'),
(53, 1, 'w', 1, 1, 21, 0, '2019-01-16 15:21:18', '2019-01-16 15:21:18'),
(54, 1, 'cv', 1, 1, 21, 0, '2019-01-16 15:21:46', '2019-01-16 15:21:46'),
(55, 1, 'xa', 1, 1, 21, 0, '2019-01-16 15:22:09', '2019-01-16 15:22:09'),
(56, 1, 'daaa', 1, 1, 22, 0, '2019-01-16 15:22:24', '2019-01-16 15:22:24'),
(57, 1, 'de', 1, 2, 35, 0, '2019-01-16 15:43:54', '2019-01-16 15:43:54'),
(58, 1, 'de', 1, 1, 36, 0, '2019-01-16 15:47:10', '2019-01-16 15:47:10'),
(59, 1, 'dw', 1, 1, 37, 0, '2019-01-16 15:48:23', '2019-01-16 15:48:23'),
(60, 1, 'de', 2, 2, 37, 0, '2019-01-16 15:49:26', '2019-01-16 15:49:26'),
(61, 1, 'ss', 1, 1, 37, 0, '2019-01-16 15:49:32', '2019-01-16 15:49:32'),
(62, 1, 'x', 2, 2, 38, 0, '2019-01-16 15:52:23', '2019-01-16 15:52:23'),
(63, 1, 'de', 22, 2, 39, 0, '2019-01-16 15:59:49', '2019-01-16 15:59:49'),
(64, 1, 'dd', 2, 2, 42, 0, '2019-01-16 16:03:59', '2019-01-16 16:03:59'),
(65, 1, 'EXTRA 1', 1, 1, 43, 1, '2019-01-16 18:48:18', '2019-01-16 18:48:18'),
(66, 1, 'EXTRA 1', 1, 1, 44, 0, '2019-01-16 18:51:21', '2019-01-16 18:51:21'),
(67, 2, 'cheese', 1, 3, 46, 0, '2019-01-24 23:23:04', '2019-01-25 02:54:48'),
(68, 2, 'chees 2', 1, 1, 45, 0, '2019-01-24 23:23:18', '2019-01-24 23:23:18'),
(69, 2, 'sauce', 1, 1, 46, 1, '2019-01-24 23:23:33', '2019-01-24 23:23:33'),
(70, 3, 'meat', 1, 2, 48, 1, '2019-01-24 23:25:45', '2019-01-24 23:25:45'),
(72, 3, 'meat', 1, 1, 47, 0, '2019-01-24 23:26:19', '2019-01-25 02:06:17'),
(73, 3, 'extra', 0, 0, 48, 0, '2019-01-24 23:26:29', '2019-01-24 23:26:29'),
(75, 3, 'extra', 1, 1, 47, 1, '2019-01-24 23:28:05', '2019-01-25 02:13:48');

-- --------------------------------------------------------

--
-- Table structure for table `food_order`
--

CREATE TABLE `food_order` (
  `id` int(10) UNSIGNED NOT NULL,
  `order_id` int(10) UNSIGNED NOT NULL,
  `food_id` int(10) UNSIGNED NOT NULL,
  `count` int(10) UNSIGNED NOT NULL DEFAULT '1',
  `size` varchar(190) COLLATE utf8mb4_unicode_ci NOT NULL,
  `price` decimal(8,2) NOT NULL,
  `discount` decimal(8,2) DEFAULT NULL,
  `created_at` timestamp NULL DEFAULT NULL,
  `updated_at` timestamp NULL DEFAULT NULL
) ENGINE=InnoDB DEFAULT CHARSET=utf8mb4 COLLATE=utf8mb4_unicode_ci;

--
-- Dumping data for table `food_order`
--

INSERT INTO `food_order` (`id`, `order_id`, `food_id`, `count`, `size`, `price`, `discount`, `created_at`, `updated_at`) VALUES
(1, 1, 1, 1, 'size 20cm', '0.00', '23.00', NULL, NULL),
(2, 1, 2, 1, 'size 2', '0.00', '23.00', NULL, NULL),
(3, 1, 2, 1, 'size 2', '0.00', '23.00', NULL, NULL),
(4, 2, 1, 1, 'size 20cm', '0.00', '23.00', NULL, NULL),
(5, 2, 2, 1, 'size 2', '0.00', '23.00', NULL, NULL),
(6, 2, 2, 1, 'size 2', '0.00', '23.00', NULL, NULL),
(7, 3, 1, 1, 'size 20cm', '0.00', '23.00', NULL, NULL),
(8, 3, 2, 1, 'size 2', '0.00', '23.00', NULL, NULL),
(9, 3, 2, 1, 'size 2', '0.00', '23.00', NULL, NULL),
(10, 5, 1, 1, 'size 20cm', '2.00', '2.00', NULL, NULL),
(11, 5, 2, 1, 'size 2', '40.00', '31.00', NULL, NULL),
(12, 5, 2, 1, 'size 2', '40.00', '31.00', NULL, NULL),
(13, 6, 1, 1, 'size 20cm', '2.00', '1.54', NULL, NULL),
(14, 6, 2, 1, 'size 2', '40.00', '30.80', NULL, NULL),
(15, 6, 2, 1, 'size 2', '40.00', '30.80', NULL, NULL),
(16, 7, 1, 1, 'size 20cm', '2.00', '1.54', NULL, NULL),
(17, 7, 2, 1, 'size 2', '40.00', '30.80', NULL, NULL),
(18, 7, 2, 1, 'size 2', '40.00', '30.80', NULL, NULL),
(19, 8, 1, 1, 'size 20cm', '2.00', '1.54', NULL, NULL),
(20, 8, 1, 1, 'size 2s0m', '31.00', '23.87', NULL, NULL),
(21, 9, 1, 1, 'size 20cm', '2.00', '1.54', NULL, NULL),
(22, 9, 1, 2, 'size 2s0m', '31.00', '23.87', NULL, NULL),
(23, 9, 1, 1, 'size 2s0m', '31.00', '23.87', NULL, NULL),
(24, 10, 1, 1, 'size 20cm', '2.00', '1.54', NULL, NULL),
(25, 10, 1, 2, 'size 2s0m', '31.00', '23.87', NULL, NULL),
(26, 10, 1, 1, 'size 2s0m', '31.00', '23.87', NULL, NULL),
(27, 11, 1, 1, 'size 20cm', '2.00', '1.54', NULL, NULL),
(28, 11, 1, 2, 'size 2s0m', '31.00', '23.87', NULL, NULL),
(29, 11, 1, 1, 'size 2s0m', '31.00', '23.87', NULL, NULL),
(30, 12, 1, 1, 'size 20cm', '2.00', '1.54', NULL, NULL),
(31, 12, 1, 2, 'size 2s0m', '31.00', '23.87', NULL, NULL),
(32, 12, 1, 1, 'size 2s0m', '31.00', '23.87', NULL, NULL),
(33, 13, 1, 1, 'size 20cm', '2.00', '1.54', NULL, NULL),
(34, 13, 1, 2, 'size 2s0m', '31.00', '23.87', NULL, NULL),
(35, 13, 1, 1, 'size 2s0m', '31.00', '23.87', NULL, NULL),
(36, 14, 1, 1, 'size 20cm', '2.00', '1.54', NULL, NULL),
(37, 14, 1, 2, 'size 2s0m', '31.00', '23.87', NULL, NULL),
(38, 14, 1, 1, 'size 2s0m', '31.00', '23.87', NULL, NULL),
(39, 15, 1, 1, 'size 20cm', '2.00', '1.54', NULL, NULL),
(40, 15, 1, 2, 'size 2s0m', '31.00', '23.87', NULL, NULL),
(41, 15, 1, 1, 'size 2s0m', '31.00', '23.87', NULL, NULL),
(42, 16, 1, 1, 'size 20cm', '2.00', '1.54', NULL, NULL),
(43, 16, 1, 2, 'size 2s0m', '31.00', '23.87', NULL, NULL),
(44, 16, 1, 1, 'size 2s0m', '31.00', '23.87', NULL, NULL),
(45, 17, 1, 1, 'size 20cm', '2.00', '1.54', NULL, NULL),
(46, 17, 1, 2, 'size 2s0m', '31.00', '23.87', NULL, NULL),
(47, 17, 1, 1, 'size 2s0m', '31.00', '23.87', NULL, NULL),
(48, 18, 1, 1, 'size 20cm', '2.00', '1.54', NULL, NULL),
(49, 18, 1, 2, 'size 2s0m', '31.00', '23.87', NULL, NULL),
(50, 18, 1, 1, 'size 2s0m', '31.00', '23.87', NULL, NULL),
(51, 19, 1, 1, 'size 20cm', '2.00', '1.54', NULL, NULL),
(52, 19, 1, 2, 'size 2s0m', '31.00', '23.87', NULL, NULL),
(53, 19, 1, 1, 'size 2s0m', '31.00', '23.87', NULL, NULL),
(54, 20, 1, 1, 'size 20cm', '2.00', '1.54', NULL, NULL),
(55, 20, 1, 2, 'size 2s0m', '31.00', '23.87', NULL, NULL),
(56, 20, 1, 1, 'size 2s0m', '31.00', '23.87', NULL, NULL),
(57, 21, 1, 1, 'size 20cm', '2.00', '1.54', NULL, NULL),
(58, 21, 1, 2, 'size 2s0m', '31.00', '23.87', NULL, NULL),
(59, 21, 1, 1, 'size 2s0m', '31.00', '23.87', NULL, NULL),
(60, 22, 1, 1, 'size 20cm', '2.00', '1.54', NULL, NULL),
(61, 22, 1, 2, 'size 2s0m', '31.00', '23.87', NULL, NULL),
(62, 22, 1, 1, 'size 2s0m', '31.00', '23.87', NULL, NULL),
(63, 23, 1, 1, 'size 20cm', '2.00', '1.54', NULL, NULL),
(64, 23, 1, 2, 'size 2s0m', '31.00', '23.87', NULL, NULL),
(65, 23, 1, 1, 'size 2s0m', '31.00', '23.87', NULL, NULL),
(66, 24, 1, 1, 'size 20cm', '2.00', '1.54', NULL, NULL),
(67, 24, 1, 2, 'size 2s0m', '31.00', '23.87', NULL, NULL),
(68, 24, 1, 1, 'size 2s0m', '31.00', '23.87', NULL, NULL),
(69, 25, 1, 1, 'size 20cm', '2.00', '1.54', NULL, NULL),
(70, 25, 1, 2, 'size 2s0m', '31.00', '23.87', NULL, NULL),
(71, 25, 1, 1, 'size 2s0m', '31.00', '23.87', NULL, NULL),
(72, 26, 1, 1, 'size 20cm', '2.00', '1.54', NULL, NULL),
(73, 26, 1, 2, 'size 2s0m', '31.00', '23.87', NULL, NULL),
(74, 26, 1, 1, 'size 2s0m', '31.00', '23.87', NULL, NULL),
(75, 27, 1, 1, 'size 20cm', '2.00', '1.54', NULL, NULL),
(76, 27, 1, 2, 'size 2s0m', '31.00', '23.87', NULL, NULL),
(77, 27, 1, 1, 'size 2s0m', '31.00', '23.87', NULL, NULL),
(78, 28, 1, 1, 'size 20cm', '2.00', '1.54', NULL, NULL),
(79, 28, 1, 2, 'size 2s0m', '31.00', '23.87', NULL, NULL),
(80, 28, 1, 1, 'size 2s0m', '31.00', '23.87', NULL, NULL),
(81, 29, 1, 1, 'size 20cm', '2.00', '1.54', NULL, NULL),
(82, 29, 1, 2, 'size 2s0m', '31.00', '23.87', NULL, NULL),
(83, 29, 1, 1, 'size 2s0m', '31.00', '23.87', NULL, NULL),
(84, 30, 1, 1, 'size 2s0m', '31.00', '23.87', NULL, NULL),
(85, 31, 1, 1, 'size 2s0m', '31.00', '23.87', NULL, NULL),
(86, 32, 1, 1, 'size 2s0m', '31.00', '23.87', NULL, NULL),
(87, 33, 1, 1, 'size 2s0m', '31.00', '23.87', NULL, NULL),
(88, 34, 1, 1, 'size 2s0m', '31.00', '23.87', NULL, NULL),
(89, 35, 1, 1, 'size 2s0m', '31.00', '23.87', NULL, NULL),
(90, 36, 1, 1, 'size 2s0m', '31.00', '23.87', NULL, NULL),
(91, 37, 1, 1, 'size 2s0m', '31.00', '23.87', NULL, NULL),
(92, 37, 1, 1, 'size 2s0m', '31.00', '23.87', NULL, NULL);

-- --------------------------------------------------------

--
-- Table structure for table `groups`
--

CREATE TABLE `groups` (
  `id` int(10) UNSIGNED NOT NULL,
  `name` varchar(191) COLLATE utf8mb4_unicode_ci NOT NULL,
  `group_id` int(11) UNSIGNED DEFAULT NULL,
  `created_at` timestamp NULL DEFAULT NULL,
  `updated_at` timestamp NULL DEFAULT NULL
) ENGINE=InnoDB DEFAULT CHARSET=utf8mb4 COLLATE=utf8mb4_unicode_ci;

--
-- Dumping data for table `groups`
--

INSERT INTO `groups` (`id`, `name`, `group_id`, `created_at`, `updated_at`) VALUES
(33, 'Lords', NULL, '2019-01-16 18:23:10', '2019-01-16 18:44:19'),
(34, 'lord 2', 33, '2019-01-16 18:36:00', '2019-01-16 18:43:47'),
(35, 'lord 1', 33, '2019-01-16 18:36:14', '2019-01-16 18:43:47'),
(37, 'test', NULL, '2019-01-16 19:20:36', '2019-01-16 19:20:36');

-- --------------------------------------------------------

--
-- Table structure for table `jobs`
--

CREATE TABLE `jobs` (
  `id` bigint(20) UNSIGNED NOT NULL,
  `queue` varchar(191) COLLATE utf8mb4_unicode_ci NOT NULL,
  `payload` longtext COLLATE utf8mb4_unicode_ci NOT NULL,
  `attempts` tinyint(3) UNSIGNED NOT NULL,
  `reserved_at` int(10) UNSIGNED DEFAULT NULL,
  `available_at` int(10) UNSIGNED NOT NULL,
  `created_at` int(10) UNSIGNED NOT NULL
) ENGINE=InnoDB DEFAULT CHARSET=utf8mb4 COLLATE=utf8mb4_unicode_ci;

--
-- Dumping data for table `jobs`
--

INSERT INTO `jobs` (`id`, `queue`, `payload`, `attempts`, `reserved_at`, `available_at`, `created_at`) VALUES
(669, 'default', '{\"displayName\":\"App\\\\Jobs\\\\SendEmail\",\"job\":\"Illuminate\\\\Queue\\\\CallQueuedHandler@call\",\"maxTries\":null,\"timeout\":null,\"timeoutAt\":null,\"data\":{\"commandName\":\"App\\\\Jobs\\\\SendEmail\",\"command\":\"O:18:\\\"App\\\\Jobs\\\\SendEmail\\\":8:{s:5:\\\"order\\\";O:45:\\\"Illuminate\\\\Contracts\\\\Database\\\\ModelIdentifier\\\":4:{s:5:\\\"class\\\";s:9:\\\"App\\\\Order\\\";s:2:\\\"id\\\";i:28;s:9:\\\"relations\\\";a:2:{i:0;s:8:\\\"customer\\\";i:1;s:10:\\\"restaurant\\\";}s:10:\\\"connection\\\";s:5:\\\"mysql\\\";}s:6:\\\"\\u0000*\\u0000job\\\";N;s:10:\\\"connection\\\";N;s:5:\\\"queue\\\";N;s:15:\\\"chainConnection\\\";N;s:10:\\\"chainQueue\\\";N;s:5:\\\"delay\\\";O:25:\\\"Illuminate\\\\Support\\\\Carbon\\\":3:{s:4:\\\"date\\\";s:26:\\\"2019-01-31 08:05:41.695565\\\";s:13:\\\"timezone_type\\\";i:3;s:8:\\\"timezone\\\";s:3:\\\"UTC\\\";}s:7:\\\"chained\\\";a:0:{}}\"}}', 42, 1548922209, 1548922207, 1548922207),
(670, 'default', '{\"displayName\":\"App\\\\Jobs\\\\SendEmail\",\"job\":\"Illuminate\\\\Queue\\\\CallQueuedHandler@call\",\"maxTries\":null,\"timeout\":null,\"timeoutAt\":null,\"data\":{\"commandName\":\"App\\\\Jobs\\\\SendEmail\",\"command\":\"O:18:\\\"App\\\\Jobs\\\\SendEmail\\\":8:{s:5:\\\"order\\\";O:45:\\\"Illuminate\\\\Contracts\\\\Database\\\\ModelIdentifier\\\":4:{s:5:\\\"class\\\";s:9:\\\"App\\\\Order\\\";s:2:\\\"id\\\";i:29;s:9:\\\"relations\\\";a:2:{i:0;s:8:\\\"customer\\\";i:1;s:10:\\\"restaurant\\\";}s:10:\\\"connection\\\";s:5:\\\"mysql\\\";}s:6:\\\"\\u0000*\\u0000job\\\";N;s:10:\\\"connection\\\";N;s:5:\\\"queue\\\";N;s:15:\\\"chainConnection\\\";N;s:10:\\\"chainQueue\\\";N;s:5:\\\"delay\\\";O:25:\\\"Illuminate\\\\Support\\\\Carbon\\\":3:{s:4:\\\"date\\\";s:26:\\\"2019-01-31 08:06:32.826490\\\";s:13:\\\"timezone_type\\\";i:3;s:8:\\\"timezone\\\";s:3:\\\"UTC\\\";}s:7:\\\"chained\\\";a:0:{}}\"}}', 21, NULL, 1548922208, 1548922208),
(671, 'default', '{\"displayName\":\"App\\\\Jobs\\\\SendEmail\",\"job\":\"Illuminate\\\\Queue\\\\CallQueuedHandler@call\",\"maxTries\":null,\"timeout\":null,\"timeoutAt\":null,\"data\":{\"commandName\":\"App\\\\Jobs\\\\SendEmail\",\"command\":\"O:18:\\\"App\\\\Jobs\\\\SendEmail\\\":8:{s:5:\\\"order\\\";O:45:\\\"Illuminate\\\\Contracts\\\\Database\\\\ModelIdentifier\\\":4:{s:5:\\\"class\\\";s:9:\\\"App\\\\Order\\\";s:2:\\\"id\\\";i:27;s:9:\\\"relations\\\";a:2:{i:0;s:8:\\\"customer\\\";i:1;s:10:\\\"restaurant\\\";}s:10:\\\"connection\\\";s:5:\\\"mysql\\\";}s:6:\\\"\\u0000*\\u0000job\\\";N;s:10:\\\"connection\\\";N;s:5:\\\"queue\\\";N;s:15:\\\"chainConnection\\\";N;s:10:\\\"chainQueue\\\";N;s:5:\\\"delay\\\";O:25:\\\"Illuminate\\\\Support\\\\Carbon\\\":3:{s:4:\\\"date\\\";s:26:\\\"2019-01-31 08:01:51.826417\\\";s:13:\\\"timezone_type\\\";i:3;s:8:\\\"timezone\\\";s:3:\\\"UTC\\\";}s:7:\\\"chained\\\";a:0:{}}\"}}', 246, NULL, 1548922209, 1548922209),
(672, 'default', '{\"displayName\":\"App\\\\Jobs\\\\SendEmail\",\"job\":\"Illuminate\\\\Queue\\\\CallQueuedHandler@call\",\"maxTries\":null,\"timeout\":null,\"timeoutAt\":null,\"data\":{\"commandName\":\"App\\\\Jobs\\\\SendEmail\",\"command\":\"O:18:\\\"App\\\\Jobs\\\\SendEmail\\\":8:{s:5:\\\"order\\\";O:45:\\\"Illuminate\\\\Contracts\\\\Database\\\\ModelIdentifier\\\":4:{s:5:\\\"class\\\";s:9:\\\"App\\\\Order\\\";s:2:\\\"id\\\";i:30;s:9:\\\"relations\\\";a:2:{i:0;s:8:\\\"customer\\\";i:1;s:10:\\\"restaurant\\\";}s:10:\\\"connection\\\";s:5:\\\"mysql\\\";}s:6:\\\"\\u0000*\\u0000job\\\";N;s:10:\\\"connection\\\";N;s:5:\\\"queue\\\";N;s:15:\\\"chainConnection\\\";N;s:10:\\\"chainQueue\\\";N;s:5:\\\"delay\\\";O:25:\\\"Illuminate\\\\Support\\\\Carbon\\\":3:{s:4:\\\"date\\\";s:26:\\\"2019-01-31 23:54:19.409621\\\";s:13:\\\"timezone_type\\\";i:3;s:8:\\\"timezone\\\";s:3:\\\"UTC\\\";}s:7:\\\"chained\\\";a:0:{}}\"}}', 0, NULL, 1548978859, 1548978856),
(673, 'default', '{\"displayName\":\"App\\\\Jobs\\\\SendEmail\",\"job\":\"Illuminate\\\\Queue\\\\CallQueuedHandler@call\",\"maxTries\":null,\"timeout\":null,\"timeoutAt\":null,\"data\":{\"commandName\":\"App\\\\Jobs\\\\SendEmail\",\"command\":\"O:18:\\\"App\\\\Jobs\\\\SendEmail\\\":8:{s:5:\\\"order\\\";O:45:\\\"Illuminate\\\\Contracts\\\\Database\\\\ModelIdentifier\\\":4:{s:5:\\\"class\\\";s:9:\\\"App\\\\Order\\\";s:2:\\\"id\\\";i:31;s:9:\\\"relations\\\";a:2:{i:0;s:8:\\\"customer\\\";i:1;s:10:\\\"restaurant\\\";}s:10:\\\"connection\\\";s:5:\\\"mysql\\\";}s:6:\\\"\\u0000*\\u0000job\\\";N;s:10:\\\"connection\\\";N;s:5:\\\"queue\\\";N;s:15:\\\"chainConnection\\\";N;s:10:\\\"chainQueue\\\";N;s:5:\\\"delay\\\";O:25:\\\"Illuminate\\\\Support\\\\Carbon\\\":3:{s:4:\\\"date\\\";s:26:\\\"2019-02-01 00:02:14.731808\\\";s:13:\\\"timezone_type\\\";i:3;s:8:\\\"timezone\\\";s:3:\\\"UTC\\\";}s:7:\\\"chained\\\";a:0:{}}\"}}', 0, NULL, 1548979334, 1548979331),
(674, 'default', '{\"displayName\":\"App\\\\Jobs\\\\SendEmail\",\"job\":\"Illuminate\\\\Queue\\\\CallQueuedHandler@call\",\"maxTries\":null,\"timeout\":null,\"timeoutAt\":null,\"data\":{\"commandName\":\"App\\\\Jobs\\\\SendEmail\",\"command\":\"O:18:\\\"App\\\\Jobs\\\\SendEmail\\\":8:{s:5:\\\"order\\\";O:45:\\\"Illuminate\\\\Contracts\\\\Database\\\\ModelIdentifier\\\":4:{s:5:\\\"class\\\";s:9:\\\"App\\\\Order\\\";s:2:\\\"id\\\";i:32;s:9:\\\"relations\\\";a:2:{i:0;s:8:\\\"customer\\\";i:1;s:10:\\\"restaurant\\\";}s:10:\\\"connection\\\";s:5:\\\"mysql\\\";}s:6:\\\"\\u0000*\\u0000job\\\";N;s:10:\\\"connection\\\";N;s:5:\\\"queue\\\";N;s:15:\\\"chainConnection\\\";N;s:10:\\\"chainQueue\\\";N;s:5:\\\"delay\\\";O:25:\\\"Illuminate\\\\Support\\\\Carbon\\\":3:{s:4:\\\"date\\\";s:26:\\\"2019-02-01 00:05:12.078952\\\";s:13:\\\"timezone_type\\\";i:3;s:8:\\\"timezone\\\";s:3:\\\"UTC\\\";}s:7:\\\"chained\\\";a:0:{}}\"}}', 0, NULL, 1548979512, 1548979509),
(675, 'default', '{\"displayName\":\"App\\\\Jobs\\\\SendEmail\",\"job\":\"Illuminate\\\\Queue\\\\CallQueuedHandler@call\",\"maxTries\":null,\"timeout\":null,\"timeoutAt\":null,\"data\":{\"commandName\":\"App\\\\Jobs\\\\SendEmail\",\"command\":\"O:18:\\\"App\\\\Jobs\\\\SendEmail\\\":8:{s:5:\\\"order\\\";O:45:\\\"Illuminate\\\\Contracts\\\\Database\\\\ModelIdentifier\\\":4:{s:5:\\\"class\\\";s:9:\\\"App\\\\Order\\\";s:2:\\\"id\\\";i:33;s:9:\\\"relations\\\";a:2:{i:0;s:8:\\\"customer\\\";i:1;s:10:\\\"restaurant\\\";}s:10:\\\"connection\\\";s:5:\\\"mysql\\\";}s:6:\\\"\\u0000*\\u0000job\\\";N;s:10:\\\"connection\\\";N;s:5:\\\"queue\\\";N;s:15:\\\"chainConnection\\\";N;s:10:\\\"chainQueue\\\";N;s:5:\\\"delay\\\";O:25:\\\"Illuminate\\\\Support\\\\Carbon\\\":3:{s:4:\\\"date\\\";s:26:\\\"2019-02-01 00:20:23.230066\\\";s:13:\\\"timezone_type\\\";i:3;s:8:\\\"timezone\\\";s:3:\\\"UTC\\\";}s:7:\\\"chained\\\";a:0:{}}\"}}', 0, NULL, 1548980423, 1548980420),
(676, 'default', '{\"displayName\":\"App\\\\Jobs\\\\SendEmail\",\"job\":\"Illuminate\\\\Queue\\\\CallQueuedHandler@call\",\"maxTries\":null,\"timeout\":null,\"timeoutAt\":null,\"data\":{\"commandName\":\"App\\\\Jobs\\\\SendEmail\",\"command\":\"O:18:\\\"App\\\\Jobs\\\\SendEmail\\\":8:{s:5:\\\"order\\\";O:45:\\\"Illuminate\\\\Contracts\\\\Database\\\\ModelIdentifier\\\":4:{s:5:\\\"class\\\";s:9:\\\"App\\\\Order\\\";s:2:\\\"id\\\";i:34;s:9:\\\"relations\\\";a:2:{i:0;s:8:\\\"customer\\\";i:1;s:10:\\\"restaurant\\\";}s:10:\\\"connection\\\";s:5:\\\"mysql\\\";}s:6:\\\"\\u0000*\\u0000job\\\";N;s:10:\\\"connection\\\";N;s:5:\\\"queue\\\";N;s:15:\\\"chainConnection\\\";N;s:10:\\\"chainQueue\\\";N;s:5:\\\"delay\\\";O:25:\\\"Illuminate\\\\Support\\\\Carbon\\\":3:{s:4:\\\"date\\\";s:26:\\\"2019-02-01 00:32:19.898058\\\";s:13:\\\"timezone_type\\\";i:3;s:8:\\\"timezone\\\";s:3:\\\"UTC\\\";}s:7:\\\"chained\\\";a:0:{}}\"}}', 0, NULL, 1548981139, 1548981136),
(677, 'default', '{\"displayName\":\"App\\\\Jobs\\\\SendEmail\",\"job\":\"Illuminate\\\\Queue\\\\CallQueuedHandler@call\",\"maxTries\":null,\"timeout\":null,\"timeoutAt\":null,\"data\":{\"commandName\":\"App\\\\Jobs\\\\SendEmail\",\"command\":\"O:18:\\\"App\\\\Jobs\\\\SendEmail\\\":8:{s:5:\\\"order\\\";O:45:\\\"Illuminate\\\\Contracts\\\\Database\\\\ModelIdentifier\\\":4:{s:5:\\\"class\\\";s:9:\\\"App\\\\Order\\\";s:2:\\\"id\\\";i:35;s:9:\\\"relations\\\";a:2:{i:0;s:8:\\\"customer\\\";i:1;s:10:\\\"restaurant\\\";}s:10:\\\"connection\\\";s:5:\\\"mysql\\\";}s:6:\\\"\\u0000*\\u0000job\\\";N;s:10:\\\"connection\\\";N;s:5:\\\"queue\\\";N;s:15:\\\"chainConnection\\\";N;s:10:\\\"chainQueue\\\";N;s:5:\\\"delay\\\";O:25:\\\"Illuminate\\\\Support\\\\Carbon\\\":3:{s:4:\\\"date\\\";s:26:\\\"2019-02-01 00:33:21.202564\\\";s:13:\\\"timezone_type\\\";i:3;s:8:\\\"timezone\\\";s:3:\\\"UTC\\\";}s:7:\\\"chained\\\";a:0:{}}\"}}', 0, NULL, 1548981201, 1548981198),
(678, 'default', '{\"displayName\":\"App\\\\Jobs\\\\SendEmail\",\"job\":\"Illuminate\\\\Queue\\\\CallQueuedHandler@call\",\"maxTries\":null,\"timeout\":null,\"timeoutAt\":null,\"data\":{\"commandName\":\"App\\\\Jobs\\\\SendEmail\",\"command\":\"O:18:\\\"App\\\\Jobs\\\\SendEmail\\\":8:{s:5:\\\"order\\\";O:45:\\\"Illuminate\\\\Contracts\\\\Database\\\\ModelIdentifier\\\":4:{s:5:\\\"class\\\";s:9:\\\"App\\\\Order\\\";s:2:\\\"id\\\";i:36;s:9:\\\"relations\\\";a:2:{i:0;s:8:\\\"customer\\\";i:1;s:10:\\\"restaurant\\\";}s:10:\\\"connection\\\";s:5:\\\"mysql\\\";}s:6:\\\"\\u0000*\\u0000job\\\";N;s:10:\\\"connection\\\";N;s:5:\\\"queue\\\";N;s:15:\\\"chainConnection\\\";N;s:10:\\\"chainQueue\\\";N;s:5:\\\"delay\\\";O:25:\\\"Illuminate\\\\Support\\\\Carbon\\\":3:{s:4:\\\"date\\\";s:26:\\\"2019-02-01 00:35:19.620337\\\";s:13:\\\"timezone_type\\\";i:3;s:8:\\\"timezone\\\";s:3:\\\"UTC\\\";}s:7:\\\"chained\\\";a:0:{}}\"}}', 0, NULL, 1548981319, 1548981316),
(679, 'default', '{\"displayName\":\"App\\\\Jobs\\\\SendEmail\",\"job\":\"Illuminate\\\\Queue\\\\CallQueuedHandler@call\",\"maxTries\":null,\"timeout\":null,\"timeoutAt\":null,\"data\":{\"commandName\":\"App\\\\Jobs\\\\SendEmail\",\"command\":\"O:18:\\\"App\\\\Jobs\\\\SendEmail\\\":8:{s:5:\\\"order\\\";O:45:\\\"Illuminate\\\\Contracts\\\\Database\\\\ModelIdentifier\\\":4:{s:5:\\\"class\\\";s:9:\\\"App\\\\Order\\\";s:2:\\\"id\\\";i:36;s:9:\\\"relations\\\";a:0:{}s:10:\\\"connection\\\";s:5:\\\"mysql\\\";}s:6:\\\"\\u0000*\\u0000job\\\";N;s:10:\\\"connection\\\";N;s:5:\\\"queue\\\";N;s:15:\\\"chainConnection\\\";N;s:10:\\\"chainQueue\\\";N;s:5:\\\"delay\\\";O:25:\\\"Illuminate\\\\Support\\\\Carbon\\\":3:{s:4:\\\"date\\\";s:26:\\\"2019-02-01 01:00:19.108103\\\";s:13:\\\"timezone_type\\\";i:3;s:8:\\\"timezone\\\";s:3:\\\"UTC\\\";}s:7:\\\"chained\\\";a:0:{}}\"}}', 0, NULL, 1548982819, 1548982816),
(680, 'default', '{\"displayName\":\"App\\\\Jobs\\\\SendEmail\",\"job\":\"Illuminate\\\\Queue\\\\CallQueuedHandler@call\",\"maxTries\":null,\"timeout\":null,\"timeoutAt\":null,\"data\":{\"commandName\":\"App\\\\Jobs\\\\SendEmail\",\"command\":\"O:18:\\\"App\\\\Jobs\\\\SendEmail\\\":8:{s:5:\\\"order\\\";O:45:\\\"Illuminate\\\\Contracts\\\\Database\\\\ModelIdentifier\\\":4:{s:5:\\\"class\\\";s:9:\\\"App\\\\Order\\\";s:2:\\\"id\\\";i:37;s:9:\\\"relations\\\";a:2:{i:0;s:8:\\\"customer\\\";i:1;s:10:\\\"restaurant\\\";}s:10:\\\"connection\\\";s:5:\\\"mysql\\\";}s:6:\\\"\\u0000*\\u0000job\\\";N;s:10:\\\"connection\\\";N;s:5:\\\"queue\\\";N;s:15:\\\"chainConnection\\\";N;s:10:\\\"chainQueue\\\";N;s:5:\\\"delay\\\";O:25:\\\"Illuminate\\\\Support\\\\Carbon\\\":3:{s:4:\\\"date\\\";s:26:\\\"2019-02-01 09:06:07.967322\\\";s:13:\\\"timezone_type\\\";i:3;s:8:\\\"timezone\\\";s:3:\\\"UTC\\\";}s:7:\\\"chained\\\";a:0:{}}\"}}', 0, NULL, 1549011967, 1549011964),
(681, 'default', '{\"displayName\":\"App\\\\Jobs\\\\SendEmail\",\"job\":\"Illuminate\\\\Queue\\\\CallQueuedHandler@call\",\"maxTries\":null,\"timeout\":null,\"timeoutAt\":null,\"data\":{\"commandName\":\"App\\\\Jobs\\\\SendEmail\",\"command\":\"O:18:\\\"App\\\\Jobs\\\\SendEmail\\\":8:{s:5:\\\"order\\\";O:45:\\\"Illuminate\\\\Contracts\\\\Database\\\\ModelIdentifier\\\":4:{s:5:\\\"class\\\";s:9:\\\"App\\\\Order\\\";s:2:\\\"id\\\";i:37;s:9:\\\"relations\\\";a:0:{}s:10:\\\"connection\\\";s:5:\\\"mysql\\\";}s:6:\\\"\\u0000*\\u0000job\\\";N;s:10:\\\"connection\\\";N;s:5:\\\"queue\\\";N;s:15:\\\"chainConnection\\\";N;s:10:\\\"chainQueue\\\";N;s:5:\\\"delay\\\";O:25:\\\"Illuminate\\\\Support\\\\Carbon\\\":3:{s:4:\\\"date\\\";s:26:\\\"2019-02-01 09:06:28.171478\\\";s:13:\\\"timezone_type\\\";i:3;s:8:\\\"timezone\\\";s:3:\\\"UTC\\\";}s:7:\\\"chained\\\";a:0:{}}\"}}', 0, NULL, 1549011988, 1549011985);

-- --------------------------------------------------------

--
-- Table structure for table `migrations`
--

CREATE TABLE `migrations` (
  `id` int(10) UNSIGNED NOT NULL,
  `migration` varchar(191) COLLATE utf8mb4_unicode_ci NOT NULL,
  `batch` int(11) NOT NULL
) ENGINE=InnoDB DEFAULT CHARSET=utf8mb4 COLLATE=utf8mb4_unicode_ci;

--
-- Dumping data for table `migrations`
--

INSERT INTO `migrations` (`id`, `migration`, `batch`) VALUES
(1, '2014_10_12_000000_create_users_table', 1),
(2, '2014_10_12_100000_create_password_resets_table', 1),
(3, '2018_11_24_213813_create_categories_table', 1),
(4, '2018_11_24_214517_create_restaurants_table', 1),
(5, '2018_11_24_214550_create_foods_table', 1),
(6, '2018_11_24_214620_create_customers_table', 1),
(7, '2018_11_24_214640_create_orders_table', 1),
(8, '2018_11_24_214711_create_food_order_table', 1),
(9, '2018_11_24_214733_create_food_options_table', 1),
(10, '2018_11_24_214924_create_selected_options_table', 1),
(11, '2018_11_24_214942_create_order_status_table', 1),
(12, '2018_11_24_222913_create_option_items_table', 1),
(13, '2013_11_24_214517_create_restaurants_table', 1),
(14, '2018_11_24_225936_create_permission_tables', 2),
(15, '2018_12_12_205214_create_jobs_table', 3),
(16, '2018_12_16_192839_places', 4),
(17, '2013_01_09_150250_create_group_table', 5),
(19, '2018_11_24_214551_create_sizes_table', 6);

-- --------------------------------------------------------

--
-- Table structure for table `model_has_permissions`
--

CREATE TABLE `model_has_permissions` (
  `permission_id` int(10) UNSIGNED NOT NULL,
  `model_type` varchar(191) COLLATE utf8mb4_unicode_ci NOT NULL,
  `model_id` bigint(20) UNSIGNED NOT NULL
) ENGINE=InnoDB DEFAULT CHARSET=utf8mb4 COLLATE=utf8mb4_unicode_ci;

-- --------------------------------------------------------

--
-- Table structure for table `model_has_roles`
--

CREATE TABLE `model_has_roles` (
  `role_id` int(10) UNSIGNED NOT NULL,
  `model_type` varchar(191) COLLATE utf8mb4_unicode_ci NOT NULL,
  `model_id` bigint(20) UNSIGNED NOT NULL
) ENGINE=InnoDB DEFAULT CHARSET=utf8mb4 COLLATE=utf8mb4_unicode_ci;

--
-- Dumping data for table `model_has_roles`
--

INSERT INTO `model_has_roles` (`role_id`, `model_type`, `model_id`) VALUES
(1, 'App\\User', 8),
(1, 'App\\User', 14),
(2, 'App\\User', 12),
(2, 'App\\User', 15),
(2, 'App\\User', 16),
(2, 'App\\User', 17),
(3, 'App\\User', 11);

-- --------------------------------------------------------

--
-- Table structure for table `option_items`
--

CREATE TABLE `option_items` (
  `id` int(10) UNSIGNED NOT NULL,
  `food_option_id` int(10) UNSIGNED NOT NULL,
  `name` varchar(191) COLLATE utf8mb4_unicode_ci NOT NULL,
  `price` double(8,2) NOT NULL DEFAULT '0.00',
  `created_at` timestamp NULL DEFAULT NULL,
  `updated_at` timestamp NULL DEFAULT NULL
) ENGINE=InnoDB DEFAULT CHARSET=utf8mb4 COLLATE=utf8mb4_unicode_ci;

--
-- Dumping data for table `option_items`
--

INSERT INTO `option_items` (`id`, `food_option_id`, `name`, `price`, `created_at`, `updated_at`) VALUES
(15, 24, 'GURKE', 0.00, '2018-12-04 17:34:46', '2018-12-04 17:34:46'),
(17, 25, 'TUHNFISCH', 2.00, '2018-12-04 17:35:13', '2018-12-04 17:35:13'),
(18, 25, 'NUDELN', 4.00, '2018-12-04 17:35:26', '2018-12-04 17:35:26'),
(19, 26, 'TOMATEN SUSE', 1.00, '2018-12-04 17:35:42', '2018-12-04 17:35:42'),
(20, 26, 'GURCKE', 3.00, '2018-12-04 17:35:54', '2018-12-04 17:35:54'),
(21, 27, 'TUHNFISCH', 2.00, '2018-12-04 17:38:15', '2018-12-04 17:38:15'),
(22, 27, 'TOMATEN', 2.00, '2018-12-04 17:38:24', '2018-12-04 17:38:24'),
(23, 28, 'kofta', 3.00, '2018-12-04 17:38:39', '2018-12-04 17:38:39'),
(24, 28, 'GURCKE', 0.00, '2018-12-04 17:38:51', '2018-12-04 17:38:51'),
(25, 27, 'TOMATEN', 2.00, '2018-12-04 18:15:43', '2018-12-04 18:15:43'),
(27, 24, 'q', 0.00, '2018-12-25 23:13:39', '2018-12-25 23:13:39'),
(28, 24, 'w', 2.00, '2018-12-25 23:16:04', '2018-12-25 23:16:04'),
(30, 24, 'e', 1.00, '2018-12-25 23:39:27', '2018-12-25 23:39:27'),
(31, 24, 'de', 3.00, '2018-12-25 23:42:02', '2018-12-25 23:42:02'),
(32, 25, 'de', 3.00, '2018-12-25 23:42:23', '2018-12-25 23:42:23'),
(33, 63, 's', 2.00, '2019-01-16 15:59:57', '2019-01-16 15:59:57'),
(34, 63, 'sw', 32.00, '2019-01-16 16:00:03', '2019-01-16 16:00:03'),
(35, 44, 'tamata', 1.00, '2019-01-16 18:49:46', '2019-01-16 18:49:46'),
(37, 44, 'dd', 0.00, '2019-01-16 18:50:13', '2019-01-16 18:50:13'),
(38, 66, 'Pizza', 2.00, '2019-01-16 18:51:32', '2019-01-16 18:51:32'),
(39, 66, 'cheese', 1.00, '2019-01-16 18:51:38', '2019-01-16 18:51:38'),
(40, 69, 'white', 0.00, '2019-01-24 23:23:51', '2019-01-24 23:23:51'),
(41, 69, 'red', 1.00, '2019-01-24 23:24:00', '2019-01-24 23:24:00'),
(42, 67, 'blue', 2.00, '2019-01-24 23:24:18', '2019-01-24 23:24:18'),
(43, 67, 'parmisan', 3.00, '2019-01-24 23:24:29', '2019-01-24 23:24:29'),
(44, 68, 'blue', 1.00, '2019-01-24 23:24:39', '2019-01-24 23:24:39'),
(45, 68, 'green', 3.00, '2019-01-24 23:24:45', '2019-01-24 23:24:45'),
(46, 73, 'salad', 1.00, '2019-01-24 23:26:47', '2019-01-24 23:26:47'),
(47, 73, 'onion', 2.00, '2019-01-24 23:26:55', '2019-01-24 23:26:55'),
(48, 70, 'liver', 1.00, '2019-01-24 23:27:14', '2019-01-24 23:27:14'),
(49, 70, 'cjicken', 2.00, '2019-01-24 23:27:19', '2019-01-24 23:27:19'),
(50, 75, 'salad', 0.00, '2019-01-24 23:28:14', '2019-01-24 23:28:14'),
(51, 75, 'onion', 2.00, '2019-01-24 23:28:19', '2019-01-24 23:28:19'),
(52, 72, 'kebda', 1.00, '2019-01-25 02:05:53', '2019-01-25 02:05:53'),
(53, 72, 'chicken', 5.00, '2019-01-25 02:06:00', '2019-01-25 02:06:00');

-- --------------------------------------------------------

--
-- Table structure for table `orders`
--

CREATE TABLE `orders` (
  `id` int(10) UNSIGNED NOT NULL,
  `code` varchar(255) COLLATE utf8mb4_unicode_ci NOT NULL,
  `restaurant_id` int(10) UNSIGNED NOT NULL,
  `customer_id` int(10) UNSIGNED NOT NULL,
  `total` double(8,2) DEFAULT NULL,
  `details` varchar(191) COLLATE utf8mb4_unicode_ci DEFAULT NULL,
  `pre_order` varchar(190) COLLATE utf8mb4_unicode_ci DEFAULT NULL,
  `status` int(10) NOT NULL DEFAULT '0',
  `created_at` timestamp NULL DEFAULT NULL,
  `updated_at` timestamp NULL DEFAULT NULL
) ENGINE=InnoDB DEFAULT CHARSET=utf8mb4 COLLATE=utf8mb4_unicode_ci;

--
-- Dumping data for table `orders`
--

INSERT INTO `orders` (`id`, `code`, `restaurant_id`, `customer_id`, `total`, `details`, `pre_order`, `status`, `created_at`, `updated_at`) VALUES
(1, '21548915371', 2, 315, 79.14, 'lijijio', NULL, 0, '2019-01-31 04:16:11', '2019-01-31 04:16:12'),
(2, '21548915500', 2, 316, 79.14, 'lijijio', NULL, 0, '2019-01-31 04:18:20', '2019-01-31 04:18:21'),
(3, '21548915630', 2, 317, 79.14, 'lijijio', NULL, 0, '2019-01-31 04:20:30', '2019-01-31 04:20:31'),
(4, '21548916477', 2, 318, NULL, 'lijijio', NULL, 0, '2019-01-31 04:34:37', '2019-01-31 04:34:37'),
(5, '21548916515', 2, 319, 79.14, 'lijijio', NULL, 0, '2019-01-31 04:35:15', '2019-01-31 04:35:15'),
(6, '21548916878', 2, 320, 79.14, 'lijijio', NULL, 0, '2019-01-31 04:41:18', '2019-01-31 04:41:19'),
(7, '21548916949', 2, 321, 79.14, 'lijijio', NULL, 0, '2019-01-31 04:42:29', '2019-01-31 04:42:30'),
(8, '31548917511', 3, 322, 30.41, 'fdfds', NULL, 0, '2019-01-31 04:51:51', '2019-01-31 04:51:51'),
(9, '31548917975', 3, 323, 54.28, 'fdsdsfdsf', NULL, 0, '2019-01-31 04:59:35', '2019-01-31 04:59:35'),
(10, '31548918106', 3, 324, 54.28, 'fdsdsfdsf', NULL, 0, '2019-01-31 05:01:46', '2019-01-31 05:01:46'),
(11, '31548918190', 3, 325, 54.28, 'fdsdsfdsf', NULL, 0, '2019-01-31 05:03:10', '2019-01-31 05:03:11'),
(12, '31548918243', 3, 326, 54.28, 'fdsdsfdsf', NULL, 0, '2019-01-31 05:04:03', '2019-01-31 05:04:03'),
(13, '31548919398', 3, 327, 54.28, 'fdsdsfdsf', NULL, 0, '2019-01-31 05:23:18', '2019-01-31 05:23:18'),
(14, '31548919400', 3, 328, 54.28, 'fdsdsfdsf', NULL, 0, '2019-01-31 05:23:20', '2019-01-31 05:23:20'),
(15, '31548919521', 3, 329, 54.28, 'fdsdsfdsf', NULL, 0, '2019-01-31 05:25:21', '2019-01-31 05:25:21'),
(16, '31548919616', 3, 330, 54.28, 'fdsdsfdsf', NULL, 0, '2019-01-31 05:26:56', '2019-01-31 05:26:57'),
(17, '31548920021', 3, 331, 54.28, 'fdsdsfdsf', NULL, 0, '2019-01-31 05:33:41', '2019-01-31 05:33:42'),
(18, '31548920283', 3, 332, 54.28, 'fdsdsfdsf', NULL, 3, '2019-01-31 05:38:03', '2019-01-31 05:40:43'),
(19, '31548920580', 3, 333, 54.28, 'fdsdsfdsf', NULL, 0, '2019-01-31 05:43:00', '2019-01-31 05:43:00'),
(20, '31548920736', 3, 334, 54.28, 'fdsdsfdsf', NULL, 0, '2019-01-31 05:45:36', '2019-01-31 05:45:36'),
(21, '31548920819', 3, 335, 54.28, 'fdsdsfdsf', NULL, 0, '2019-01-31 05:46:59', '2019-01-31 05:47:00'),
(22, '31548920891', 3, 336, 54.28, 'fdsdsfdsf', NULL, 0, '2019-01-31 05:48:11', '2019-01-31 05:48:11'),
(23, '31548921010', 3, 337, 54.28, 'fdsdsfdsf', NULL, 0, '2019-01-31 05:50:10', '2019-01-31 05:50:10'),
(24, '31548921079', 3, 338, 54.28, 'fdsdsfdsf', NULL, 0, '2019-01-31 05:51:19', '2019-01-31 05:51:19'),
(25, '31548921206', 3, 339, 54.28, 'fdsdsfdsf', NULL, 0, '2019-01-31 05:53:26', '2019-01-31 05:53:26'),
(26, '31548921498', 3, 340, 54.28, 'fdsdsfdsf', NULL, 0, '2019-01-31 05:58:18', '2019-01-31 05:58:18'),
(27, '31548921707', 3, 341, 54.28, 'fdsdsfdsf', NULL, 0, '2019-01-31 06:01:47', '2019-01-31 06:01:47'),
(28, '31548921937', 3, 342, 54.28, 'fdsdsfdsf', NULL, 0, '2019-01-31 06:05:37', '2019-01-31 06:05:37'),
(29, '31548921988', 3, 343, 54.28, 'fdsdsfdsf', NULL, 0, '2019-01-31 06:06:28', '2019-01-31 06:06:28'),
(30, '21548978850', 2, 344, 33.87, 'iij', NULL, 0, '2019-01-31 21:54:10', '2019-01-31 21:54:14'),
(31, '21548979329', 2, 345, 33.87, 'fvfv', NULL, 0, '2019-01-31 22:02:09', '2019-01-31 22:02:10'),
(32, '21548979504', 2, 347, 33.87, 'CFCS', NULL, 0, '2019-01-31 22:05:04', '2019-01-31 22:05:04'),
(33, '21548980418', 2, 348, 33.87, 'IUHIUH', NULL, 0, '2019-01-31 22:20:18', '2019-01-31 22:20:18'),
(34, '21548981135', 2, 349, 33.87, 'sss', NULL, 0, '2019-01-31 22:32:15', '2019-01-31 22:32:15'),
(35, '21548981196', 2, 350, 33.87, NULL, NULL, 0, '2019-01-31 22:33:16', '2019-01-31 22:33:16'),
(36, '21548981315', 2, 351, 33.87, 'lkjl', NULL, 1, '2019-01-31 22:35:15', '2019-01-31 23:00:16'),
(37, '21549011960', 2, 352, 57.74, 'wfrfer', NULL, 1, '2019-02-01 07:06:00', '2019-02-01 07:06:25');

-- --------------------------------------------------------

--
-- Table structure for table `order_status`
--

CREATE TABLE `order_status` (
  `id` int(10) UNSIGNED NOT NULL,
  `order_id` int(10) UNSIGNED NOT NULL,
  `user_id` int(10) UNSIGNED DEFAULT NULL,
  `status` varchar(191) COLLATE utf8mb4_unicode_ci NOT NULL,
  `created_at` timestamp NULL DEFAULT NULL,
  `updated_at` timestamp NULL DEFAULT NULL
) ENGINE=InnoDB DEFAULT CHARSET=utf8mb4 COLLATE=utf8mb4_unicode_ci;

--
-- Dumping data for table `order_status`
--

INSERT INTO `order_status` (`id`, `order_id`, `user_id`, `status`, `created_at`, `updated_at`) VALUES
(1, 1, NULL, 'created', '2019-01-31 04:16:12', '2019-01-31 04:16:12'),
(2, 2, NULL, 'created', '2019-01-31 04:18:21', '2019-01-31 04:18:21'),
(3, 3, NULL, 'created', '2019-01-31 04:20:31', '2019-01-31 04:20:31'),
(4, 5, NULL, 'created', '2019-01-31 04:35:15', '2019-01-31 04:35:15'),
(5, 6, NULL, 'created', '2019-01-31 04:41:19', '2019-01-31 04:41:19'),
(6, 7, NULL, 'created', '2019-01-31 04:42:30', '2019-01-31 04:42:30'),
(7, 8, NULL, 'created', '2019-01-31 04:51:51', '2019-01-31 04:51:51'),
(8, 9, NULL, 'created', '2019-01-31 04:59:35', '2019-01-31 04:59:35'),
(9, 10, NULL, 'created', '2019-01-31 05:01:46', '2019-01-31 05:01:46'),
(10, 11, NULL, 'created', '2019-01-31 05:03:12', '2019-01-31 05:03:12'),
(11, 12, NULL, 'created', '2019-01-31 05:04:04', '2019-01-31 05:04:04'),
(12, 13, NULL, 'created', '2019-01-31 05:23:18', '2019-01-31 05:23:18'),
(13, 14, NULL, 'created', '2019-01-31 05:23:20', '2019-01-31 05:23:20'),
(14, 15, NULL, 'created', '2019-01-31 05:25:21', '2019-01-31 05:25:21'),
(15, 16, NULL, 'created', '2019-01-31 05:26:57', '2019-01-31 05:26:57'),
(16, 17, NULL, 'created', '2019-01-31 05:33:42', '2019-01-31 05:33:42'),
(17, 18, NULL, 'created', '2019-01-31 05:38:03', '2019-01-31 05:38:03'),
(18, 18, NULL, 'accepted and will be dilivered in 20 mins', '2019-01-31 05:40:25', '2019-01-31 05:40:25'),
(19, 18, NULL, 'with the delivery', '2019-01-31 05:40:36', '2019-01-31 05:40:36'),
(20, 18, NULL, 'Delivered', '2019-01-31 05:40:43', '2019-01-31 05:40:43'),
(21, 19, NULL, 'created', '2019-01-31 05:43:00', '2019-01-31 05:43:00'),
(22, 20, NULL, 'created', '2019-01-31 05:45:36', '2019-01-31 05:45:36'),
(23, 21, NULL, 'created', '2019-01-31 05:47:00', '2019-01-31 05:47:00'),
(24, 22, NULL, 'created', '2019-01-31 05:48:11', '2019-01-31 05:48:11'),
(25, 23, NULL, 'created', '2019-01-31 05:50:10', '2019-01-31 05:50:10'),
(26, 24, NULL, 'created', '2019-01-31 05:51:19', '2019-01-31 05:51:19'),
(27, 25, NULL, 'created', '2019-01-31 05:53:26', '2019-01-31 05:53:26'),
(28, 26, NULL, 'created', '2019-01-31 05:58:18', '2019-01-31 05:58:18'),
(29, 27, NULL, 'created', '2019-01-31 06:01:47', '2019-01-31 06:01:47'),
(30, 28, NULL, 'created', '2019-01-31 06:05:37', '2019-01-31 06:05:37'),
(31, 29, NULL, 'created', '2019-01-31 06:06:28', '2019-01-31 06:06:28'),
(32, 30, NULL, 'created', '2019-01-31 21:54:15', '2019-01-31 21:54:15'),
(33, 31, NULL, 'created', '2019-01-31 22:02:10', '2019-01-31 22:02:10'),
(34, 32, NULL, 'created', '2019-01-31 22:05:04', '2019-01-31 22:05:04'),
(35, 33, NULL, 'created', '2019-01-31 22:20:19', '2019-01-31 22:20:19'),
(36, 34, NULL, 'created', '2019-01-31 22:32:15', '2019-01-31 22:32:15'),
(37, 35, NULL, 'created', '2019-01-31 22:33:16', '2019-01-31 22:33:16'),
(38, 36, NULL, 'created', '2019-01-31 22:35:15', '2019-01-31 22:35:15'),
(39, 36, NULL, 'accepted and will be dilivered in 20 mins', '2019-01-31 23:00:15', '2019-01-31 23:00:15'),
(40, 37, NULL, 'created', '2019-02-01 07:06:01', '2019-02-01 07:06:01'),
(41, 37, NULL, 'accepted and will be dilivered in 20 mins', '2019-02-01 07:06:25', '2019-02-01 07:06:25');

-- --------------------------------------------------------

--
-- Table structure for table `password_resets`
--

CREATE TABLE `password_resets` (
  `email` varchar(191) COLLATE utf8mb4_unicode_ci NOT NULL,
  `token` varchar(191) COLLATE utf8mb4_unicode_ci NOT NULL,
  `created_at` timestamp NULL DEFAULT NULL
) ENGINE=InnoDB DEFAULT CHARSET=utf8mb4 COLLATE=utf8mb4_unicode_ci;

-- --------------------------------------------------------

--
-- Table structure for table `permissions`
--

CREATE TABLE `permissions` (
  `id` int(10) UNSIGNED NOT NULL,
  `name` varchar(191) COLLATE utf8mb4_unicode_ci NOT NULL,
  `guard_name` varchar(191) COLLATE utf8mb4_unicode_ci NOT NULL,
  `created_at` timestamp NULL DEFAULT NULL,
  `updated_at` timestamp NULL DEFAULT NULL
) ENGINE=InnoDB DEFAULT CHARSET=utf8mb4 COLLATE=utf8mb4_unicode_ci;

-- --------------------------------------------------------

--
-- Table structure for table `places`
--

CREATE TABLE `places` (
  `id` int(10) UNSIGNED NOT NULL,
  `name` int(11) NOT NULL,
  `restaurant_id` int(10) UNSIGNED NOT NULL,
  `created_at` timestamp NULL DEFAULT NULL,
  `updated_at` timestamp NULL DEFAULT NULL
) ENGINE=InnoDB DEFAULT CHARSET=utf8mb4 COLLATE=utf8mb4_unicode_ci;

--
-- Dumping data for table `places`
--

INSERT INTO `places` (`id`, `name`, `restaurant_id`, `created_at`, `updated_at`) VALUES
(42, 41468, 9, '2019-01-22 22:36:41', '2019-01-22 22:36:41'),
(43, 41460, 9, '2019-01-22 22:36:41', '2019-01-22 22:36:41'),
(46, 33098, 13, '2019-01-22 22:38:49', '2019-01-22 22:38:49'),
(47, 41460, 13, '2019-01-22 22:38:49', '2019-01-22 22:38:49'),
(51, 41460, 3, '2019-01-22 23:23:37', '2019-01-22 23:23:37'),
(52, 41462, 3, '2019-01-22 23:23:37', '2019-01-22 23:23:37'),
(74, 41460, 2, '2019-02-01 06:57:16', '2019-02-01 06:57:16'),
(75, 41462, 2, '2019-02-01 06:57:16', '2019-02-01 06:57:16'),
(76, 41468, 2, '2019-02-01 06:57:16', '2019-02-01 06:57:16');

-- --------------------------------------------------------

--
-- Table structure for table `restaurants`
--

CREATE TABLE `restaurants` (
  `id` int(10) UNSIGNED NOT NULL,
  `name` varchar(191) COLLATE utf8mb4_unicode_ci NOT NULL,
  `logo` varchar(191) COLLATE utf8mb4_unicode_ci DEFAULT 'imgs/placeholder.jpg',
  `addressCord` varchar(191) COLLATE utf8mb4_unicode_ci NOT NULL,
  `addressName` varchar(191) COLLATE utf8mb4_unicode_ci NOT NULL,
  `open` time NOT NULL,
  `close` time NOT NULL,
  `offDays` varchar(191) COLLATE utf8mb4_unicode_ci NOT NULL,
  `minOrder` double NOT NULL,
  `phone` varchar(191) COLLATE utf8mb4_unicode_ci DEFAULT NULL,
  `deliveryPrice` double NOT NULL,
  `group_id` int(11) UNSIGNED DEFAULT NULL,
  `created_at` timestamp NULL DEFAULT NULL,
  `updated_at` timestamp NULL DEFAULT NULL
) ENGINE=InnoDB DEFAULT CHARSET=utf8mb4 COLLATE=utf8mb4_unicode_ci;

--
-- Dumping data for table `restaurants`
--

INSERT INTO `restaurants` (`id`, `name`, `logo`, `addressCord`, `addressName`, `open`, `close`, `offDays`, `minOrder`, `phone`, `deliveryPrice`, `group_id`, `created_at`, `updated_at`) VALUES
(2, 'pizza lord neuss', 'pictures/YWPvmt3NKFpo86lTmGKsBHApBSco0W9AK80gZaZn.png', '51.2033359,6.6827174', 'Theodor-Heuss-Platz 7, 41460 Neuss, Germany', '09:00:00', '23:00:00', 'a:2:{i:0;s:8:\"Saturday\";i:1;s:6:\"Friday\";}', 10, '342342343432', 10, 34, '2018-12-04 06:21:10', '2019-02-01 06:57:16'),
(3, 'pizza freedy', 'images/1545764293_download (3).png', '51.2033359,6.6827174', 'neumarkt 1 neuss', '09:00:00', '03:00:00', 'a:1:{i:0;s:8:\"Saturday\";}', 20, '534534545345', 5, 34, '2018-12-04 06:21:59', '2019-01-22 23:23:37'),
(9, 'Lord', 'pictures/rSGklZ8rpRTtpSNtjgC41Ui0ygGqsDgETbfcSWcT.jpeg', '2454534', 'street', '10:00:00', '00:00:00', 'a:2:{i:0;s:8:\"Saturday\";i:1;s:6:\"Sunday\";}', 20, '34656456', 20, 35, '2018-12-04 16:29:18', '2019-01-22 22:37:57'),
(13, 'Lapoir', 'pictures/Nd1mjwWTHYkRdLW3JDxPyeBASsd3Z5w9FdPYCSEA.jpeg', '34234234', 'dsdfsdf', '02:00:00', '02:30:00', 'a:1:{i:0;s:8:\"Saturday\";}', 2, '342545345435', 34, 35, '2018-12-16 18:01:09', '2019-01-22 22:37:57');

-- --------------------------------------------------------

--
-- Table structure for table `restaurant_user`
--

CREATE TABLE `restaurant_user` (
  `id` int(10) UNSIGNED NOT NULL,
  `restaurant_id` int(10) UNSIGNED NOT NULL,
  `user_id` int(10) UNSIGNED NOT NULL,
  `created_at` timestamp NULL DEFAULT NULL,
  `updated_at` timestamp NULL DEFAULT NULL
) ENGINE=InnoDB DEFAULT CHARSET=utf8mb4 COLLATE=utf8mb4_unicode_ci;

--
-- Dumping data for table `restaurant_user`
--

INSERT INTO `restaurant_user` (`id`, `restaurant_id`, `user_id`, `created_at`, `updated_at`) VALUES
(12, 3, 11, NULL, NULL),
(13, 3, 12, NULL, NULL),
(14, 13, 11, NULL, NULL);

-- --------------------------------------------------------

--
-- Table structure for table `roles`
--

CREATE TABLE `roles` (
  `id` int(10) UNSIGNED NOT NULL,
  `name` varchar(191) COLLATE utf8mb4_unicode_ci NOT NULL,
  `guard_name` varchar(191) COLLATE utf8mb4_unicode_ci NOT NULL,
  `created_at` timestamp NULL DEFAULT NULL,
  `updated_at` timestamp NULL DEFAULT NULL
) ENGINE=InnoDB DEFAULT CHARSET=utf8mb4 COLLATE=utf8mb4_unicode_ci;

--
-- Dumping data for table `roles`
--

INSERT INTO `roles` (`id`, `name`, `guard_name`, `created_at`, `updated_at`) VALUES
(1, 'admin', 'web', '2018-12-01 22:00:00', '2018-12-01 22:00:00'),
(2, 'owner', 'web', '2018-12-02 15:00:00', '2018-12-01 22:00:00'),
(3, 'driver', 'web', '2018-12-01 22:00:00', '2018-12-01 22:00:00');

-- --------------------------------------------------------

--
-- Table structure for table `role_has_permissions`
--

CREATE TABLE `role_has_permissions` (
  `permission_id` int(10) UNSIGNED NOT NULL,
  `role_id` int(10) UNSIGNED NOT NULL
) ENGINE=InnoDB DEFAULT CHARSET=utf8mb4 COLLATE=utf8mb4_unicode_ci;

-- --------------------------------------------------------

--
-- Table structure for table `selected_options`
--

CREATE TABLE `selected_options` (
  `id` int(10) UNSIGNED NOT NULL,
  `food_order_id` int(10) UNSIGNED NOT NULL,
  `option` varchar(191) COLLATE utf8mb4_unicode_ci NOT NULL,
  `price` double(8,2) NOT NULL,
  `comment` text COLLATE utf8mb4_unicode_ci,
  `created_at` timestamp NULL DEFAULT NULL,
  `updated_at` timestamp NULL DEFAULT NULL
) ENGINE=InnoDB DEFAULT CHARSET=utf8mb4 COLLATE=utf8mb4_unicode_ci;

--
-- Dumping data for table `selected_options`
--

INSERT INTO `selected_options` (`id`, `food_order_id`, `option`, `price`, `comment`, `created_at`, `updated_at`) VALUES
(1, 1, 'cheese', 1.00, NULL, NULL, NULL),
(2, 2, 'red', 1.00, NULL, NULL, NULL),
(3, 3, 'parmisan', 3.00, NULL, NULL, NULL),
(4, 3, 'red', 1.00, NULL, NULL, NULL),
(5, 4, 'cheese', 1.00, NULL, NULL, NULL),
(6, 5, 'red', 1.00, NULL, NULL, NULL),
(7, 6, 'parmisan', 3.00, NULL, NULL, NULL),
(8, 6, 'red', 1.00, NULL, NULL, NULL),
(9, 7, 'cheese', 1.00, NULL, NULL, NULL),
(10, 8, 'red', 1.00, NULL, NULL, NULL),
(11, 9, 'parmisan', 3.00, NULL, NULL, NULL),
(12, 9, 'red', 1.00, NULL, NULL, NULL),
(13, 10, 'cheese', 1.00, NULL, NULL, NULL),
(14, 11, 'red', 1.00, NULL, NULL, NULL),
(15, 12, 'parmisan', 3.00, NULL, NULL, NULL),
(16, 12, 'red', 1.00, NULL, NULL, NULL),
(17, 13, 'cheese', 1.00, NULL, NULL, NULL),
(18, 14, 'red', 1.00, NULL, NULL, NULL),
(19, 15, 'parmisan', 3.00, NULL, NULL, NULL),
(20, 15, 'red', 1.00, NULL, NULL, NULL),
(21, 16, 'cheese', 1.00, NULL, NULL, NULL),
(22, 17, 'red', 1.00, NULL, NULL, NULL),
(23, 18, 'parmisan', 3.00, NULL, NULL, NULL),
(24, 18, 'red', 1.00, NULL, NULL, NULL),
(25, 23, 'dd', 0.00, NULL, NULL, NULL),
(26, 26, 'dd', 0.00, NULL, NULL, NULL),
(27, 29, 'dd', 0.00, NULL, NULL, NULL),
(28, 32, 'dd', 0.00, NULL, NULL, NULL),
(29, 35, 'dd', 0.00, NULL, NULL, NULL),
(30, 38, 'dd', 0.00, NULL, NULL, NULL),
(31, 41, 'dd', 0.00, NULL, NULL, NULL),
(32, 44, 'dd', 0.00, NULL, NULL, NULL),
(33, 47, 'dd', 0.00, NULL, NULL, NULL),
(34, 50, 'dd', 0.00, NULL, NULL, NULL),
(35, 53, 'dd', 0.00, NULL, NULL, NULL),
(36, 56, 'dd', 0.00, NULL, NULL, NULL),
(37, 59, 'dd', 0.00, NULL, NULL, NULL),
(38, 62, 'dd', 0.00, NULL, NULL, NULL),
(39, 65, 'dd', 0.00, NULL, NULL, NULL),
(40, 68, 'dd', 0.00, NULL, NULL, NULL),
(41, 71, 'dd', 0.00, NULL, NULL, NULL),
(42, 74, 'dd', 0.00, NULL, NULL, NULL),
(43, 77, 'dd', 0.00, NULL, NULL, NULL),
(44, 80, 'dd', 0.00, NULL, NULL, NULL),
(45, 83, 'dd', 0.00, NULL, NULL, NULL),
(46, 84, 'dd', 0.00, NULL, NULL, NULL),
(47, 85, 'dd', 0.00, NULL, NULL, NULL),
(48, 86, 'dd', 0.00, NULL, NULL, NULL),
(49, 87, 'dd', 0.00, NULL, NULL, NULL),
(50, 88, 'dd', 0.00, NULL, NULL, NULL),
(51, 89, 'dd', 0.00, NULL, NULL, NULL),
(52, 90, 'dd', 0.00, NULL, NULL, NULL);

-- --------------------------------------------------------

--
-- Table structure for table `sizes`
--

CREATE TABLE `sizes` (
  `id` int(10) UNSIGNED NOT NULL,
  `name` varchar(191) COLLATE utf8mb4_unicode_ci NOT NULL,
  `price` double(8,2) NOT NULL,
  `food_id` int(10) UNSIGNED NOT NULL,
  `created_at` timestamp NULL DEFAULT NULL,
  `updated_at` timestamp NULL DEFAULT NULL
) ENGINE=InnoDB DEFAULT CHARSET=utf8mb4 COLLATE=utf8mb4_unicode_ci;

--
-- Dumping data for table `sizes`
--

INSERT INTO `sizes` (`id`, `name`, `price`, `food_id`, `created_at`, `updated_at`) VALUES
(20, 'size 2s0m', 31.00, 1, '2019-01-15 15:55:38', '2019-01-20 13:42:01'),
(44, 'size 20cm', 2.00, 1, '2019-01-16 18:51:06', '2019-01-16 18:51:06'),
(45, 'size 1', 20.00, 2, '2019-01-24 23:22:26', '2019-01-24 23:22:26'),
(46, 'size 2', 40.00, 2, '2019-01-24 23:22:32', '2019-01-24 23:22:32'),
(47, 'size 1', 3.00, 3, '2019-01-24 23:25:16', '2019-01-24 23:25:16');

-- --------------------------------------------------------

--
-- Table structure for table `users`
--

CREATE TABLE `users` (
  `id` int(10) UNSIGNED NOT NULL,
  `name` varchar(191) COLLATE utf8mb4_unicode_ci NOT NULL,
  `email` varchar(191) COLLATE utf8mb4_unicode_ci NOT NULL,
  `restaurant_id` int(11) UNSIGNED DEFAULT NULL,
  `email_verified_at` timestamp NULL DEFAULT NULL,
  `password` varchar(191) COLLATE utf8mb4_unicode_ci NOT NULL,
  `remember_token` varchar(100) COLLATE utf8mb4_unicode_ci DEFAULT NULL,
  `created_at` timestamp NULL DEFAULT NULL,
  `updated_at` timestamp NULL DEFAULT NULL
) ENGINE=InnoDB DEFAULT CHARSET=utf8mb4 COLLATE=utf8mb4_unicode_ci;

--
-- Dumping data for table `users`
--

INSERT INTO `users` (`id`, `name`, `email`, `restaurant_id`, `email_verified_at`, `password`, `remember_token`, `created_at`, `updated_at`) VALUES
(8, 'Admin', 'admin@test.com', NULL, NULL, '$2y$10$FcxaYtKmQyFK8L1XkYn8wezYAku1qIsTTGwFZ33q86CjFiT3Cr/5m', '6JmtAA5Ab4kjnanHPHqWx2LyfIk8Kv0EJKrpXSojegVf7goKeIt3NDl9kdBN', '2018-12-03 07:48:38', '2018-12-25 16:02:34'),
(11, 'njn', 'wj@ls.e', 3, NULL, '$2y$10$XwDMoBjiBQy05tibV.xGrOlcVUr3tp9FLmJFVSppZ6oqVtZoqebRy', NULL, '2018-12-10 14:04:50', '2018-12-28 22:27:29'),
(12, 'Owner', 'owner@test.com', 3, NULL, '$2y$10$C5P2itZ79X2XBGDgrWbdAu..mcu7wduKMF9HMNlflUT7mn7we5Ony', '6J6k34PlddnhbwQD6OKbcygMiOsw7OJMLb1YjwEekmAIIyj3vg8t68ibBTgR', '2018-12-20 00:06:43', '2018-12-28 20:11:31'),
(14, 'fr', 'de@de.de', NULL, NULL, '$2y$10$5.OjV44lxv/dnuWi27sqyeTrCUW1p9YygyO3vA7jC9UbIq26BJYda', NULL, '2019-01-21 14:41:01', '2019-01-21 14:41:01'),
(15, 'de', 'dw@ws.ed', NULL, NULL, '$2y$10$W/9gvHEJG0BExYN/f8jpvu2d/012RDX2Hqf3cpgoqJvPehix78906', NULL, '2019-01-21 14:44:50', '2019-01-21 14:44:50'),
(16, 'ffs', 'djki@k.e', NULL, NULL, '$2y$10$a12hD/gCIwZ26.jsLt0X2e2xiuQYi292q89JzHYs.W/WNOMi73YdC', NULL, '2019-01-21 14:59:06', '2019-01-21 14:59:06'),
(17, 'fr', 'fr@cfr.n', NULL, NULL, '$2y$10$Ht.UOZtRy4p9maNH4wtYLuzHJ957IyGv7T5smpI1DkFFmlQ0CmQQa', NULL, '2019-01-21 16:22:27', '2019-01-21 16:22:27');

--
-- Indexes for dumped tables
--

--
-- Indexes for table `categories`
--
ALTER TABLE `categories`
  ADD PRIMARY KEY (`id`);

--
-- Indexes for table `customers`
--
ALTER TABLE `customers`
  ADD PRIMARY KEY (`id`);

--
-- Indexes for table `foods`
--
ALTER TABLE `foods`
  ADD PRIMARY KEY (`id`),
  ADD KEY `foods_category_id_foreign` (`category_id`),
  ADD KEY `foods_restaurant_id_foreign` (`group_id`);

--
-- Indexes for table `food_options`
--
ALTER TABLE `food_options`
  ADD PRIMARY KEY (`id`),
  ADD KEY `food_options_food_id_foreign` (`food_id`);

--
-- Indexes for table `food_order`
--
ALTER TABLE `food_order`
  ADD PRIMARY KEY (`id`),
  ADD KEY `food_order_order_id_foreign` (`order_id`),
  ADD KEY `food_order_food_id_foreign` (`food_id`);

--
-- Indexes for table `groups`
--
ALTER TABLE `groups`
  ADD PRIMARY KEY (`id`);

--
-- Indexes for table `jobs`
--
ALTER TABLE `jobs`
  ADD PRIMARY KEY (`id`),
  ADD KEY `jobs_queue_index` (`queue`);

--
-- Indexes for table `migrations`
--
ALTER TABLE `migrations`
  ADD PRIMARY KEY (`id`);

--
-- Indexes for table `model_has_permissions`
--
ALTER TABLE `model_has_permissions`
  ADD PRIMARY KEY (`permission_id`,`model_id`,`model_type`),
  ADD KEY `model_has_permissions_model_id_model_type_index` (`model_id`,`model_type`);

--
-- Indexes for table `model_has_roles`
--
ALTER TABLE `model_has_roles`
  ADD PRIMARY KEY (`role_id`,`model_id`,`model_type`),
  ADD KEY `model_has_roles_model_id_model_type_index` (`model_id`,`model_type`);

--
-- Indexes for table `option_items`
--
ALTER TABLE `option_items`
  ADD PRIMARY KEY (`id`),
  ADD KEY `option_lists_food_option_id_foreign` (`food_option_id`);

--
-- Indexes for table `orders`
--
ALTER TABLE `orders`
  ADD PRIMARY KEY (`id`),
  ADD KEY `orders_restaurant_id_foreign` (`restaurant_id`),
  ADD KEY `orders_customer_id_foreign` (`customer_id`);

--
-- Indexes for table `order_status`
--
ALTER TABLE `order_status`
  ADD PRIMARY KEY (`id`),
  ADD KEY `order_status_order_id_foreign` (`order_id`),
  ADD KEY `order_status_user_id_foreign` (`user_id`);

--
-- Indexes for table `password_resets`
--
ALTER TABLE `password_resets`
  ADD KEY `password_resets_email_index` (`email`);

--
-- Indexes for table `permissions`
--
ALTER TABLE `permissions`
  ADD PRIMARY KEY (`id`);

--
-- Indexes for table `places`
--
ALTER TABLE `places`
  ADD PRIMARY KEY (`id`),
  ADD KEY `places_restaurant_id_foreign` (`restaurant_id`);

--
-- Indexes for table `restaurants`
--
ALTER TABLE `restaurants`
  ADD PRIMARY KEY (`id`);

--
-- Indexes for table `restaurant_user`
--
ALTER TABLE `restaurant_user`
  ADD PRIMARY KEY (`id`),
  ADD KEY `restaurant_user_user_id_foreign` (`user_id`),
  ADD KEY `restaurant_user_restaurant_id_foreign` (`restaurant_id`);

--
-- Indexes for table `roles`
--
ALTER TABLE `roles`
  ADD PRIMARY KEY (`id`);

--
-- Indexes for table `role_has_permissions`
--
ALTER TABLE `role_has_permissions`
  ADD PRIMARY KEY (`permission_id`,`role_id`),
  ADD KEY `role_has_permissions_role_id_foreign` (`role_id`);

--
-- Indexes for table `selected_options`
--
ALTER TABLE `selected_options`
  ADD PRIMARY KEY (`id`),
  ADD KEY `selected_options_food_order_id_foreign` (`food_order_id`);

--
-- Indexes for table `sizes`
--
ALTER TABLE `sizes`
  ADD PRIMARY KEY (`id`),
  ADD KEY `sizes_food_id_foreign` (`food_id`);

--
-- Indexes for table `users`
--
ALTER TABLE `users`
  ADD PRIMARY KEY (`id`),
  ADD UNIQUE KEY `users_email_unique` (`email`);

--
-- AUTO_INCREMENT for dumped tables
--

--
-- AUTO_INCREMENT for table `categories`
--
ALTER TABLE `categories`
  MODIFY `id` int(10) UNSIGNED NOT NULL AUTO_INCREMENT, AUTO_INCREMENT=30;

--
-- AUTO_INCREMENT for table `customers`
--
ALTER TABLE `customers`
  MODIFY `id` int(10) UNSIGNED NOT NULL AUTO_INCREMENT, AUTO_INCREMENT=353;

--
-- AUTO_INCREMENT for table `foods`
--
ALTER TABLE `foods`
  MODIFY `id` int(10) UNSIGNED NOT NULL AUTO_INCREMENT, AUTO_INCREMENT=4;

--
-- AUTO_INCREMENT for table `food_options`
--
ALTER TABLE `food_options`
  MODIFY `id` int(10) UNSIGNED NOT NULL AUTO_INCREMENT, AUTO_INCREMENT=76;

--
-- AUTO_INCREMENT for table `food_order`
--
ALTER TABLE `food_order`
  MODIFY `id` int(10) UNSIGNED NOT NULL AUTO_INCREMENT, AUTO_INCREMENT=93;

--
-- AUTO_INCREMENT for table `groups`
--
ALTER TABLE `groups`
  MODIFY `id` int(10) UNSIGNED NOT NULL AUTO_INCREMENT, AUTO_INCREMENT=38;

--
-- AUTO_INCREMENT for table `jobs`
--
ALTER TABLE `jobs`
  MODIFY `id` bigint(20) UNSIGNED NOT NULL AUTO_INCREMENT, AUTO_INCREMENT=682;

--
-- AUTO_INCREMENT for table `migrations`
--
ALTER TABLE `migrations`
  MODIFY `id` int(10) UNSIGNED NOT NULL AUTO_INCREMENT, AUTO_INCREMENT=20;

--
-- AUTO_INCREMENT for table `option_items`
--
ALTER TABLE `option_items`
  MODIFY `id` int(10) UNSIGNED NOT NULL AUTO_INCREMENT, AUTO_INCREMENT=54;

--
-- AUTO_INCREMENT for table `orders`
--
ALTER TABLE `orders`
  MODIFY `id` int(10) UNSIGNED NOT NULL AUTO_INCREMENT, AUTO_INCREMENT=38;

--
-- AUTO_INCREMENT for table `order_status`
--
ALTER TABLE `order_status`
  MODIFY `id` int(10) UNSIGNED NOT NULL AUTO_INCREMENT, AUTO_INCREMENT=42;

--
-- AUTO_INCREMENT for table `permissions`
--
ALTER TABLE `permissions`
  MODIFY `id` int(10) UNSIGNED NOT NULL AUTO_INCREMENT;

--
-- AUTO_INCREMENT for table `places`
--
ALTER TABLE `places`
  MODIFY `id` int(10) UNSIGNED NOT NULL AUTO_INCREMENT, AUTO_INCREMENT=77;

--
-- AUTO_INCREMENT for table `restaurants`
--
ALTER TABLE `restaurants`
  MODIFY `id` int(10) UNSIGNED NOT NULL AUTO_INCREMENT, AUTO_INCREMENT=14;

--
-- AUTO_INCREMENT for table `restaurant_user`
--
ALTER TABLE `restaurant_user`
  MODIFY `id` int(10) UNSIGNED NOT NULL AUTO_INCREMENT, AUTO_INCREMENT=15;

--
-- AUTO_INCREMENT for table `roles`
--
ALTER TABLE `roles`
  MODIFY `id` int(10) UNSIGNED NOT NULL AUTO_INCREMENT, AUTO_INCREMENT=4;

--
-- AUTO_INCREMENT for table `selected_options`
--
ALTER TABLE `selected_options`
  MODIFY `id` int(10) UNSIGNED NOT NULL AUTO_INCREMENT, AUTO_INCREMENT=53;

--
-- AUTO_INCREMENT for table `sizes`
--
ALTER TABLE `sizes`
  MODIFY `id` int(10) UNSIGNED NOT NULL AUTO_INCREMENT, AUTO_INCREMENT=48;

--
-- AUTO_INCREMENT for table `users`
--
ALTER TABLE `users`
  MODIFY `id` int(10) UNSIGNED NOT NULL AUTO_INCREMENT, AUTO_INCREMENT=18;

--
-- Constraints for dumped tables
--

--
-- Constraints for table `foods`
--
ALTER TABLE `foods`
  ADD CONSTRAINT `foods_category_id_foreign` FOREIGN KEY (`category_id`) REFERENCES `categories` (`id`) ON DELETE CASCADE;

--
-- Constraints for table `food_options`
--
ALTER TABLE `food_options`
  ADD CONSTRAINT `food_options_food_id_foreign` FOREIGN KEY (`food_id`) REFERENCES `foods` (`id`) ON DELETE CASCADE;

--
-- Constraints for table `food_order`
--
ALTER TABLE `food_order`
  ADD CONSTRAINT `food_order_food_id_foreign` FOREIGN KEY (`food_id`) REFERENCES `foods` (`id`) ON DELETE CASCADE,
  ADD CONSTRAINT `food_order_order_id_foreign` FOREIGN KEY (`order_id`) REFERENCES `orders` (`id`) ON DELETE CASCADE;

--
-- Constraints for table `model_has_permissions`
--
ALTER TABLE `model_has_permissions`
  ADD CONSTRAINT `model_has_permissions_permission_id_foreign` FOREIGN KEY (`permission_id`) REFERENCES `permissions` (`id`) ON DELETE CASCADE;

--
-- Constraints for table `model_has_roles`
--
ALTER TABLE `model_has_roles`
  ADD CONSTRAINT `model_has_roles_role_id_foreign` FOREIGN KEY (`role_id`) REFERENCES `roles` (`id`) ON DELETE CASCADE;

--
-- Constraints for table `option_items`
--
ALTER TABLE `option_items`
  ADD CONSTRAINT `option_lists_food_option_id_foreign` FOREIGN KEY (`food_option_id`) REFERENCES `food_options` (`id`) ON DELETE CASCADE;

--
-- Constraints for table `orders`
--
ALTER TABLE `orders`
  ADD CONSTRAINT `orders_customer_id_foreign` FOREIGN KEY (`customer_id`) REFERENCES `customers` (`id`) ON DELETE CASCADE,
  ADD CONSTRAINT `orders_restaurant_id_foreign` FOREIGN KEY (`restaurant_id`) REFERENCES `restaurants` (`id`) ON DELETE CASCADE;

--
-- Constraints for table `order_status`
--
ALTER TABLE `order_status`
  ADD CONSTRAINT `order_status_order_id_foreign` FOREIGN KEY (`order_id`) REFERENCES `orders` (`id`) ON DELETE CASCADE,
  ADD CONSTRAINT `order_status_user_id_foreign` FOREIGN KEY (`user_id`) REFERENCES `users` (`id`) ON DELETE CASCADE;

--
-- Constraints for table `places`
--
ALTER TABLE `places`
  ADD CONSTRAINT `places_restaurant_id_foreign` FOREIGN KEY (`restaurant_id`) REFERENCES `restaurants` (`id`) ON DELETE CASCADE;

--
-- Constraints for table `restaurant_user`
--
ALTER TABLE `restaurant_user`
  ADD CONSTRAINT `restaurant_user_restaurant_id_foreign` FOREIGN KEY (`restaurant_id`) REFERENCES `restaurants` (`id`) ON DELETE CASCADE,
  ADD CONSTRAINT `restaurant_user_user_id_foreign` FOREIGN KEY (`user_id`) REFERENCES `users` (`id`) ON DELETE CASCADE;

--
-- Constraints for table `role_has_permissions`
--
ALTER TABLE `role_has_permissions`
  ADD CONSTRAINT `role_has_permissions_permission_id_foreign` FOREIGN KEY (`permission_id`) REFERENCES `permissions` (`id`) ON DELETE CASCADE,
  ADD CONSTRAINT `role_has_permissions_role_id_foreign` FOREIGN KEY (`role_id`) REFERENCES `roles` (`id`) ON DELETE CASCADE;

--
-- Constraints for table `selected_options`
--
ALTER TABLE `selected_options`
  ADD CONSTRAINT `selected_options_food_order_id_foreign` FOREIGN KEY (`food_order_id`) REFERENCES `food_order` (`id`) ON DELETE CASCADE;

--
-- Constraints for table `sizes`
--
ALTER TABLE `sizes`
  ADD CONSTRAINT `sizes_food_id_foreign` FOREIGN KEY (`food_id`) REFERENCES `foods` (`id`) ON DELETE CASCADE;
COMMIT;

/*!40101 SET CHARACTER_SET_CLIENT=@OLD_CHARACTER_SET_CLIENT */;
/*!40101 SET CHARACTER_SET_RESULTS=@OLD_CHARACTER_SET_RESULTS */;
/*!40101 SET COLLATION_CONNECTION=@OLD_COLLATION_CONNECTION */;
